index,data
0,6867
1,6860
2,6883
3,6874
4,6874
5,6876
6,6860
7,6840
8,6881
9,6867
10,6883
11,6874
12,6883
13,6863
14,6876
15,6883
16,6894
17,6876
18,6883
19,6860
20,6874
21,6887
22,6881
23,6883
24,6890
25,6869
26,6881
27,6887
28,6867
29,6883
30,6894
31,6876
32,6903
33,6874
34,6883
35,6867
36,6887
37,6890
38,6867
39,6901
40,6860
41,6867
42,6867
43,6894
44,6890
45,6860
46,6894
47,6876
48,6874
49,6883
50,6883
51,6876
52,6883
53,6881
54,6874
55,6894
56,6883
57,6894
58,6887
59,6860
60,6890
61,6854
62,6890
63,6883
64,6890
65,6860
66,6883
67,6883
68,6869
69,6876
70,6894
71,6887
72,6887
73,6883
74,6867
75,6903
76,6890
77,6887
78,6883
79,6890
80,6890
81,6894
82,6894
83,6874
84,6881
85,6876
86,6887
87,6890
88,6867
89,6890
90,6907
91,6894
92,6883
93,6840
94,6874
95,6854
96,6883
97,6863
98,6883
99,6874
100,6881
101,6883
102,6867
103,6874
104,6849
105,6867
106,6903
107,6894
108,6883
109,6840
110,6883
111,6887
112,6869
113,6903
114,6867
115,6907
116,6876
117,6854
118,6894
119,6874
120,6890
121,6887
122,6881
123,6881
124,6876
125,6854
126,6894
127,6883
128,6869
129,6883
130,6867
131,6894
132,6890
133,6883
134,6876
135,6890
136,6869
137,6854
138,6890
139,6874
140,6874
141,6876
142,6883
143,6840
144,6867
145,6874
146,6863
147,6847
148,6867
149,6887
150,6867
151,6847
152,6863
153,6854
154,6867
155,6867
156,6840
157,6876
158,6867
159,6860
160,6876
161,6881
162,6867
163,6860
164,6881
165,6890
166,6863
167,6910
168,6883
169,6887
170,6881
171,6867
172,6876
173,6890
174,6869
175,6890
176,6881
177,6876
178,6881
179,6876
180,6869
181,6876
182,6869
183,6887
184,6867
185,6876
186,6867
187,6876
188,6869
189,6860
190,6890
191,6887
192,6901
193,6883
194,6863
195,6869
196,6890
197,6840
198,6876
199,6854
200,6883
201,6869
202,6860
203,6883
204,6890
205,6894
206,6883
207,6867
208,6890
209,6876
210,6867
211,6887
212,6867
213,6883
214,6849
215,6874
216,6860
217,6894
218,6874
219,6881
220,6860
221,6890
222,6883
223,6863
224,6883
225,6854
226,6876
227,6894
228,6881
229,6883
230,6876
231,6890
232,6867
233,6887
234,6881
235,6860
236,6883
237,6869
238,6867
239,6894
240,6890
241,6874
242,6867
243,6869
244,6890
245,6869
246,6854
247,6860
248,6903
249,6881
250,6863
251,6881
252,6883
253,6894
254,6883
255,6883
256,6890
257,6869
258,6883
259,6867
260,6860
261,6887
262,6874
263,6883
264,6860
265,6876
266,6887
267,6890
268,6881
269,6876
270,6876
271,6890
272,6876
273,6860
274,6876
275,6883
276,6890
277,6867
278,6867
279,6883
280,6876
281,6894
282,6876
283,6874
284,6881
285,6894
286,6881
287,6881
288,6894
289,6869
290,6867
291,6896
292,6860
293,6860
294,6843
295,6890
296,6901
297,6881
298,6876
299,6887
300,6860
301,6887
302,6867
303,6883
304,6874
305,6869
306,6890
307,6894
308,6860
309,6827
310,6874
311,6854
312,6874
313,6874
314,6867
315,6860
316,6874
317,6874
318,6847
319,6874
320,6876
321,6860
322,6847
323,6867
324,6883
325,6894
326,6854
327,6874
328,6887
329,6876
330,6867
331,6881
332,6876
333,6867
334,6860
335,6925
336,6860
337,6869
338,6860
339,6876
340,6883
341,6840
342,6894
343,6881
344,6876
345,6894
346,6874
347,6874
348,6894
349,6881
350,6843
351,6894
352,6894
353,6860
354,6876
355,6876
356,6860
357,6894
358,6883
359,6883
360,6881
361,6881
362,6890
363,6860
364,6894
365,6887
366,6883
367,6854
368,6847
369,6901
370,6894
371,6887
372,6883
373,6887
374,6881
375,6890
376,6847
377,6847
378,6901
379,6894
380,6890
381,6856
382,6890
383,6874
384,6881
385,6881
386,6874
387,6874
388,6869
389,6867
390,6843
391,6876
392,6863
393,6894
394,6869
395,6874
396,6881
397,6881
398,6876
399,6890
400,6890
401,6867
402,6874
403,6883
404,6867
405,6883
406,6876
407,6894
408,6883
409,6874
410,6856
411,6890
412,6890
413,6894
414,6874
415,6867
416,6883
417,6894
418,6881
419,6867
420,6894
421,6854
422,6883
423,6887
424,6881
425,6867
426,6854
427,6883
428,6867
429,6890
430,6856
431,6847
432,6869
433,6854
434,6883
435,6874
436,6874
437,6883
438,6867
439,6876
440,6883
441,6876
442,6854
443,6876
444,6890
445,6874
446,6874
447,6874
448,6881
449,6860
450,6881
451,6863
452,6890
453,6869
454,6867
455,6876
456,6867
457,6860
458,6854
459,6894
460,6894
461,6887
462,6876
463,6874
464,6883
465,6881
466,6869
467,6867
468,6890
469,6874
470,6876
471,6874
472,6887
473,6874
474,6834
475,6881
476,6883
477,6876
478,6883
479,6834
480,6890
481,6883
482,6867
483,6874
484,6883
485,6854
486,6876
487,6894
488,6867
489,6874
490,6869
491,6887
492,6860
493,6887
494,6874
495,6863
496,6901
497,6883
498,6874
499,6860
500,6854
501,6860
502,6874
503,6887
504,6901
505,6867
506,6847
507,6860
508,6874
509,6876
510,6874
511,6863
512,6894
513,6876
514,6854
515,6890
516,6883
517,6867
518,6894
519,6890
520,6874
521,6883
522,6903
523,6890
524,6854
525,6887
526,6869
527,6887
528,6881
529,6883
530,6854
531,6876
532,6854
533,6876
534,6876
535,6854
536,6887
537,6890
538,6867
539,6847
540,6894
541,6867
542,6869
543,6869
544,6867
545,6876
546,6883
547,6854
548,6901
549,6867
550,6860
551,6876
552,6883
553,6890
554,6860
555,6847
556,6860
557,6876
558,6860
559,6901
560,6874
561,6883
562,6883
563,6901
564,6869
565,6867
566,6869
567,6883
568,6881
569,6860
570,6854
571,6869
572,6883
573,6876
574,6894
575,6860
576,6901
577,6876
578,6883
579,6881
580,6863
581,6869
582,6874
583,6890
584,6901
585,6887
586,6867
587,6876
588,6881
589,6874
590,6860
591,6874
592,6874
593,6894
594,6890
595,6876
596,6881
597,6854
598,6890
599,6876
600,6881
601,6881
602,6903
603,6883
604,6867
605,6869
606,6890
607,6890
608,6874
609,6874
610,6869
611,6901
612,6869
613,6887
614,6874
615,6867
616,6890
617,6883
618,6901
619,6876
620,6860
621,6887
622,6854
623,6894
624,6876
625,6901
626,6876
627,6874
628,6890
629,6918
630,6894
631,6874
632,6860
633,6876
634,6867
635,6874
636,6894
637,6867
638,6881
639,6887
640,6894
641,6903
642,6874
643,6847
644,6883
645,6876
646,6854
647,6894
648,6876
649,6887
650,6847
651,6869
652,6874
653,6876
654,6867
655,6901
656,6860
657,6881
658,6847
659,6876
660,6869
661,6890
662,6869
663,6890
664,6890
665,6876
666,6876
667,6867
668,6890
669,6876
670,6883
671,6829
672,6856
673,6874
674,6903
675,6883
676,6876
677,6887
678,6876
679,6869
680,6874
681,6890
682,6867
683,6869
684,6887
685,6867
686,6876
687,6869
688,6867
689,6903
690,6874
691,6854
692,6860
693,6854
694,6883
695,6854
696,6860
697,6890
698,6876
699,6869
700,6883
701,6876
702,6894
703,6876
704,6881
705,6876
706,6876
707,6874
708,6883
709,6854
710,6883
711,6876
712,6894
713,6883
714,6854
715,6860
716,6876
717,6867
718,6883
719,6867
720,6847
721,6890
722,6863
723,6887
724,6847
725,6881
726,6890
727,6883
728,6840
729,6869
730,6883
731,6890
732,6869
733,6901
734,6883
735,6876
736,6876
737,6860
738,6847
739,6881
740,6890
741,6883
742,6854
743,6876
744,6876
745,6867
746,6883
747,6883
748,6881
749,6890
750,6894
751,6894
752,6876
753,6894
754,6883
755,6883
756,6876
757,6896
758,6847
759,6860
760,6881
761,6876
762,6901
763,6910
764,6903
765,6883
766,6874
767,6856
768,6883
769,6883
770,6867
771,6876
772,6914
773,6887
774,6883
775,6863
776,6883
777,6869
778,6881
779,6883
780,6883
781,6883
782,6869
783,6860
784,6860
785,6876
786,6874
787,6874
788,6869
789,6883
790,6883
791,6856
792,6863
793,6869
794,6854
795,6894
796,6887
797,6881
798,6883
799,6876
800,6887
801,6894
802,6867
803,6860
804,6887
805,6867
806,6856
807,6860
808,6883
809,6876
810,6890
811,6883
812,6876
813,6883
814,6854
815,6840
816,6874
817,6883
818,6876
819,6869
820,6883
821,6883
822,6883
823,6876
824,6876
825,6890
826,6890
827,6883
828,6881
829,6860
830,6876
831,6847
832,6860
833,6894
834,6874
835,6867
836,6876
837,6869
838,6883
839,6874
840,6867
841,6869
842,6894
843,6881
844,6883
845,6876
846,6887
847,6869
848,6890
849,6876
850,6867
851,6856
852,6890
853,6854
854,6894
855,6869
856,6867
857,6883
858,6867
859,6881
860,6876
861,6887
862,6874
863,6874
864,6881
865,6890
866,6867
867,6881
868,6874
869,6869
870,6876
871,6883
872,6887
873,6867
874,6881
875,6883
876,6874
877,6876
878,6890
879,6874
880,6869
881,6883
882,6874
883,6876
884,6894
885,6840
886,6869
887,6876
888,6874
889,6869
890,6869
891,6876
892,6874
893,6867
894,6874
895,6863
896,6874
897,6874
898,6863
899,6894
900,6883
901,6854
902,6867
903,6894
904,6854
905,6874
906,6863
907,6890
908,6883
909,6876
910,6883
911,6860
912,6894
913,6874
914,6874
915,6883
916,6869
917,6854
918,6883
919,6876
920,6869
921,6869
922,6863
923,6890
924,6881
925,6860
926,6903
927,6881
928,6876
929,6890
930,6883
931,6876
932,6860
933,6876
934,6849
935,6840
936,6856
937,6869
938,6869
939,6869
940,6894
941,6863
942,6881
943,6881
944,6883
945,6883
946,6854
947,6860
948,6827
949,6881
950,6881
951,6890
952,6883
953,6854
954,6883
955,6883
956,6903
957,6876
958,6890
959,6876
960,6890
961,6907
962,6894
963,6869
964,6869
965,6854
966,6887
967,6867
968,6876
969,6827
970,6894
971,6894
972,6874
973,6887
974,6860
975,6869
976,6894
977,6874
978,6881
979,6869
980,6883
981,6894
982,6860
983,6874
984,6918
985,6869
986,6890
987,6874
988,6876
989,6860
990,6854
991,6869
992,6883
993,6869
994,6869
995,6863
996,6901
997,6890
998,6876
999,6860
1000,6881
1001,6854
1002,6867
1003,6883
1004,6876
1005,6890
1006,6881
1007,6867
1008,6890
1009,6894
1010,6890
1011,6874
1012,6874
1013,6874
1014,6874
1015,6883
1016,6867
1017,6890
1018,6867
1019,6890
1020,6894
1021,6860
1022,6910
1023,6869
1024,6860
1025,6867
1026,6874
1027,6854
1028,6890
1029,6883
1030,6890
1031,6883
1032,6876
1033,6890
1034,6883
1035,6883
1036,6890
1037,6867
1038,6881
1039,6883
1040,6876
1041,6876
1042,6867
1043,6894
1044,6883
1045,6874
1046,6867
1047,6894
1048,6876
1049,6876
1050,6876
1051,6890
1052,6847
1053,6867
1054,6863
1055,6894
1056,6860
1057,6887
1058,6887
1059,6901
1060,6890
1061,6881
1062,6876
1063,6876
1064,6874
1065,6883
1066,6869
1067,6890
1068,6876
1069,6847
1070,6869
1071,6876
1072,6894
1073,6890
1074,6890
1075,6874
1076,6883
1077,6854
1078,6860
1079,6876
1080,6890
1081,6867
1082,6887
1083,6883
1084,6874
1085,6883
1086,6881
1087,6883
1088,6876
1089,6874
1090,6869
1091,6876
1092,6869
1093,6876
1094,6854
1095,6860
1096,6874
1097,6867
1098,6847
1099,6867
1100,6894
1101,6887
1102,6881
1103,6869
1104,6890
1105,6894
1106,6890
1107,6894
1108,6876
1109,6894
1110,6890
1111,6887
1112,6876
1113,6887
1114,6901
1115,6869
1116,6883
1117,6883
1118,6863
1119,6894
1120,6881
1121,6860
1122,6874
1123,6903
1124,6869
1125,6869
1126,6867
1127,6869
1128,6867
1129,6881
1130,6887
1131,6883
1132,6883
1133,6876
1134,6876
1135,6883
1136,6863
1137,6876
1138,6869
1139,6869
1140,6867
1141,6887
1142,6860
1143,6894
1144,6883
1145,6883
1146,6847
1147,6860
1148,6863
1149,6874
1150,6876
1151,6869
1152,6881
1153,6869
1154,6883
1155,6914
1156,6876
1157,6860
1158,6881
1159,6867
1160,6876
1161,6881
1162,6874
1163,6874
1164,6883
1165,6874
1166,6883
1167,6854
1168,6876
1169,6827
1170,6860
1171,6867
1172,6867
1173,6894
1174,6876
1175,6867
1176,6867
1177,6876
1178,6874
1179,6874
1180,6869
1181,6856
1182,6856
1183,6883
1184,6894
1185,6863
1186,6890
1187,6860
1188,6890
1189,6860
1190,6894
1191,6881
1192,6867
1193,6867
1194,6890
1195,6883
1196,6876
1197,6890
1198,6890
1199,6876
1200,6901
1201,6901
1202,6881
1203,6867
1204,6887
1205,6876
1206,6890
1207,6883
1208,6874
1209,6874
1210,6874
1211,6869
1212,6883
1213,6890
1214,6854
1215,6883
1216,6869
1217,6869
1218,6869
1219,6847
1220,6890
1221,6894
1222,6894
1223,6887
1224,6894
1225,6883
1226,6869
1227,6876
1228,6883
1229,6867
1230,6890
1231,6887
1232,6854
1233,6887
1234,6869
1235,6883
1236,6867
1237,6876
1238,6894
1239,6869
1240,6876
1241,6867
1242,6887
1243,6869
1244,6856
1245,6883
1246,6854
1247,6890
1248,6867
1249,6869
1250,6860
1251,6869
1252,6876
1253,6883
1254,6903
1255,6876
1256,6867
1257,6874
1258,6867
1259,6867
1260,6860
1261,6887
1262,6883
1263,6883
1264,6881
1265,6883
1266,6860
1267,6894
1268,6887
1269,6847
1270,6869
1271,6894
1272,6847
1273,6883
1274,6867
1275,6890
1276,6856
1277,6890
1278,6867
1279,6890
1280,6883
1281,6876
1282,6869
1283,6847
1284,6843
1285,6876
1286,6883
1287,6863
1288,6869
1289,6867
1290,6874
1291,6876
1292,6876
1293,6876
1294,6856
1295,6881
1296,6874
1297,6876
1298,6847
1299,6876
1300,6863
1301,6876
1302,6883
1303,6874
1304,6867
1305,6874
1306,6881
1307,6874
1308,6881
1309,6847
1310,6867
1311,6856
1312,6860
1313,6890
1314,6874
1315,6876
1316,6876
1317,6856
1318,6869
1319,6883
1320,6890
1321,6863
1322,6887
1323,6869
1324,6883
1325,6890
1326,6869
1327,6883
1328,6854
1329,6867
1330,6894
1331,6863
1332,6881
1333,6883
1334,6894
1335,6876
1336,6874
1337,6887
1338,6890
1339,6869
1340,6890
1341,6881
1342,6856
1343,6869
1344,6856
1345,6903
1346,6869
1347,6883
1348,6881
1349,6867
1350,6876
1351,6874
1352,6869
1353,6876
1354,6869
1355,6874
1356,6883
1357,6867
1358,6890
1359,6860
1360,6883
1361,5474
1362,5040
1363,5171
1364,6890
1365,6863
1366,6890
1367,6890
1368,6860
1369,6876
1370,6869
1371,6867
1372,6869
1373,6874
1374,6887
1375,6890
1376,6869
1377,6876
1378,6876
1379,6881
1380,6874
1381,6881
1382,6890
1383,6890
1384,6867
1385,6869
1386,6856
1387,6883
1388,6890
1389,6883
1390,6869
1391,6883
1392,6860
1393,6869
1394,6883
1395,6856
1396,6876
1397,6869
1398,6883
1399,6876
1400,6894
1401,6876
1402,6867
1403,6860
1404,6881
1405,6883
1406,6869
1407,6854
1408,6881
1409,6894
1410,6883
1411,6883
1412,6894
1413,6840
1414,6876
1415,6896
1416,6883
1417,6883
1418,6847
1419,6847
1420,6849
1421,6863
1422,6918
1423,6894
1424,6883
1425,6860
1426,6874
1427,6867
1428,6874
1429,6876
1430,6876
1431,6876
1432,6881
1433,6890
1434,6869
1435,6883
1436,6869
1437,6854
1438,6901
1439,6847
1440,6894
1441,6874
1442,6874
1443,6867
1444,6863
1445,6860
1446,6856
1447,6876
1448,6847
1449,6834
1450,6894
1451,6869
1452,6876
1453,6881
1454,6883
1455,6876
1456,6876
1457,6874
1458,6883
1459,6876
1460,6890
1461,6881
1462,6874
1463,6863
1464,6869
1465,6869
1466,6860
1467,6883
1468,6883
1469,6894
1470,6881
1471,6890
1472,6856
1473,6876
1474,6890
1475,6863
1476,6863
1477,6867
1478,6883
1479,6863
1480,6883
1481,6881
1482,6876
1483,6867
1484,6883
1485,6876
1486,6869
1487,6869
1488,6883
1489,6883
1490,6883
1491,6907
1492,6854
1493,6883
1494,6890
1495,6883
1496,6869
1497,6874
1498,6854
1499,6867
1500,6881
1501,6883
1502,6894
1503,6854
1504,6869
1505,6869
1506,6836
1507,6901
1508,6860
1509,6894
1510,6890
1511,6874
1512,6883
1513,6901
1514,6874
1515,6847
1516,6883
1517,6869
1518,6890
1519,6876
1520,6883
1521,6890
1522,6847
1523,6876
1524,6883
1525,6896
1526,6883
1527,6901
1528,6901
1529,6860
1530,6874
1531,6890
1532,6890
1533,6849
1534,6876
1535,6876
1536,6894
1537,6854
1538,6883
1539,6890
1540,6890
1541,6869
1542,6874
1543,6883
1544,6847
1545,6881
1546,6894
1547,6883
1548,6883
1549,6856
1550,6876
1551,6890
1552,6890
1553,6874
1554,6887
1555,6854
1556,6869
1557,6876
1558,6854
1559,6883
1560,6876
1561,6876
1562,6894
1563,6894
1564,6883
1565,6883
1566,6883
1567,6890
1568,6860
1569,6869
1570,6843
1571,6894
1572,6883
1573,6869
1574,6890
1575,6834
1576,6890
1577,6883
1578,6860
1579,6876
1580,6881
1581,6869
1582,6876
1583,6863
1584,6890
1585,6869
1586,6869
1587,6890
1588,6854
1589,6876
1590,6894
1591,6867
1592,6890
1593,6867
1594,6890
1595,6854
1596,6863
1597,6876
1598,6849
1599,6869
1600,6854
1601,6863
1602,6890
1603,6856
1604,6869
1605,6890
1606,6883
1607,6869
1608,6876
1609,6876
1610,6881
1611,6867
1612,6883
1613,6894
1614,6867
1615,6863
1616,6874
1617,6874
1618,6883
1619,6847
1620,6890
1621,6881
1622,6890
1623,6890
1624,6874
1625,6867
1626,6869
1627,6876
1628,6883
1629,6856
1630,6860
1631,6876
1632,6856
1633,6869
1634,6883
1635,6883
1636,6883
1637,6881
1638,6847
1639,6890
1640,6874
1641,6907
1642,6869
1643,6883
1644,6883
1645,6869
1646,6860
1647,6883
1648,6881
1649,6869
1650,6869
1651,6867
1652,6890
1653,6890
1654,6883
1655,6860
1656,6847
1657,6867
1658,6867
1659,6869
1660,6856
1661,6883
1662,6874
1663,6901
1664,6881
1665,6876
1666,6876
1667,6874
1668,6860
1669,6876
1670,6876
1671,6869
1672,6840
1673,6883
1674,6876
1675,6869
1676,6876
1677,6869
1678,6890
1679,6883
1680,6887
1681,6883
1682,6840
1683,6856
1684,6854
1685,6883
1686,6890
1687,6890
1688,6907
1689,6863
1690,6863
1691,6881
1692,6847
1693,6867
1694,6883
1695,6869
1696,6890
1697,6876
1698,6869
1699,6876
1700,6860
1701,6883
1702,6867
1703,6901
1704,6876
1705,6860
1706,6856
1707,6863
1708,6874
1709,6883
1710,6890
1711,6901
1712,6869
1713,6869
1714,6883
1715,6883
1716,6874
1717,6860
1718,6876
1719,6876
1720,6847
1721,6856
1722,6883
1723,6849
1724,6876
1725,6867
1726,6876
1727,6863
1728,6883
1729,6867
1730,6867
1731,6856
1732,6883
1733,6887
1734,6890
1735,6890
1736,6876
1737,6876
1738,6883
1739,6876
1740,6881
1741,6840
1742,6883
1743,6847
1744,6881
1745,6869
1746,6883
1747,6881
1748,6856
1749,6887
1750,6863
1751,6881
1752,6881
1753,6860
1754,6883
1755,6869
1756,6869
1757,6883
1758,6860
1759,6876
1760,6890
1761,6883
1762,6881
1763,6887
1764,6849
1765,6863
1766,6869
1767,6876
1768,6883
1769,6863
1770,6876
1771,6874
1772,6876
1773,6874
1774,6869
1775,6883
1776,6890
1777,6856
1778,6856
1779,6867
1780,6856
1781,6876
1782,6883
1783,6894
1784,6883
1785,6890
1786,6856
1787,6849
1788,6890
1789,6874
1790,6883
1791,6874
1792,6883
1793,6860
1794,6869
1795,6863
1796,6867
1797,6876
1798,6869
1799,6867
1800,6883
1801,6863
1802,6869
1803,6843
1804,6854
1805,6867
1806,6863
1807,6869
1808,6849
1809,6887
1810,6876
1811,6883
1812,6847
1813,6869
1814,6890
1815,6901
1816,6881
1817,6856
1818,6876
1819,6863
1820,6890
1821,6887
1822,6869
1823,6856
1824,6876
1825,6869
1826,6881
1827,6883
1828,6863
1829,6876
1830,6887
1831,6894
1832,6881
1833,6840
1834,6883
1835,6876
1836,6890
1837,6876
1838,6843
1839,6876
1840,6860
1841,6894
1842,6876
1843,6883
1844,6869
1845,6874
1846,6876
1847,6854
1848,6894
1849,6876
1850,6876
1851,6860
1852,6869
1853,6883
1854,6863
1855,6860
1856,6863
1857,6883
1858,6863
1859,6869
1860,6869
1861,6860
1862,6867
1863,6890
1864,6876
1865,6883
1866,6840
1867,6874
1868,6836
1869,6860
1870,6876
1871,6867
1872,6881
1873,6890
1874,6894
1875,6883
1876,6869
1877,6876
1878,6869
1879,6863
1880,6876
1881,6856
1882,6867
1883,6883
1884,6847
1885,6890
1886,6869
1887,6894
1888,6860
1889,6869
1890,6874
1891,6856
1892,6860
1893,6847
1894,6883
1895,6863
1896,6883
1897,6881
1898,6863
1899,6883
1900,6863
1901,6883
1902,6901
1903,6883
1904,6883
1905,6876
1906,6876
1907,6894
1908,6869
1909,6883
1910,6856
1911,6869
1912,6854
1913,6894
1914,6867
1915,6890
1916,6896
1917,6876
1918,6876
1919,6883
1920,6876
1921,6883
1922,6890
1923,6874
1924,6856
1925,6890
1926,6876
1927,6874
1928,6876
1929,6876
1930,6863
1931,6881
1932,6863
1933,6869
1934,6874
1935,6876
1936,6849
1937,6860
1938,6876
1939,6847
1940,6860
1941,6883
1942,6883
1943,6863
1944,6863
1945,6863
1946,6901
1947,6883
1948,6869
1949,6869
1950,6869
1951,6854
1952,6874
1953,6863
1954,6876
1955,6869
1956,6890
1957,6890
1958,6876
1959,6874
1960,6881
1961,6869
1962,6901
1963,6876
1964,6894
1965,6876
1966,6890
1967,6849
1968,6894
1969,6854
1970,6876
1971,6890
1972,6869
1973,6834
1974,6896
1975,6863
1976,6869
1977,6876
1978,6883
1979,6890
1980,6903
1981,6890
1982,6867
1983,6894
1984,6876
1985,6863
1986,6869
1987,6876
1988,6847
1989,6869
1990,6867
1991,6869
1992,6869
1993,6869
1994,6860
1995,6847
1996,6854
1997,6867
1998,6869
1999,6883
2000,6876
2001,6890
2002,6890
2003,6883
2004,6856
2005,6883
2006,6890
2007,6867
2008,6876
2009,6856
2010,6883
2011,6881
2012,6876
2013,6876
2014,6890
2015,6869
2016,6887
2017,6863
2018,6874
2019,6856
2020,6883
2021,6883
2022,6869
2023,6894
2024,6876
2025,6863
2026,6883
2027,6863
2028,6849
2029,6863
2030,6876
2031,6869
2032,6856
2033,6860
2034,6883
2035,6854
2036,6874
2037,6894
2038,6876
2039,6849
2040,6883
2041,6901
2042,6856
2043,6876
2044,6876
2045,6856
2046,6883
2047,6876
2048,6867
2049,6869
2050,6883
2051,6881
2052,6860
2053,6860
2054,6876
2055,6869
2056,6876
2057,6876
2058,6876
2059,6876
2060,6860
2061,6867
2062,6881
2063,6890
2064,6894
2065,6867
2066,6863
2067,6883
2068,6890
2069,6896
2070,6856
2071,6856
2072,6860
2073,6883
2074,6876
2075,6876
2076,6883
2077,6883
2078,6876
2079,6876
2080,6876
2081,6876
2082,6881
2083,6869
2084,6881
2085,6883
2086,6876
2087,6856
2088,6883
2089,6890
2090,6860
2091,6887
2092,6883
2093,6869
2094,6847
2095,6840
2096,6854
2097,6860
2098,6874
2099,6874
2100,6863
2101,6883
2102,6876
2103,6863
2104,6869
2105,6856
2106,6869
2107,6876
2108,6887
2109,6863
2110,6856
2111,6869
2112,6876
2113,6869
2114,6854
2115,6894
2116,6869
2117,6890
2118,6890
2119,6876
2120,6883
2121,6869
2122,6876
2123,6883
2124,6869
2125,6894
2126,6874
2127,6863
2128,6869
2129,6849
2130,6860
2131,6883
2132,6883
2133,6860
2134,6874
2135,6860
2136,6883
2137,6869
2138,6867
2139,6883
2140,6847
2141,6883
2142,6860
2143,6876
2144,6863
2145,6883
2146,6890
2147,6869
2148,6901
2149,6869
2150,6890
2151,6890
2152,6847
2153,6869
2154,6881
2155,6869
2156,6869
2157,6887
2158,6876
2159,6883
2160,6876
2161,6876
2162,6867
2163,6890
2164,6876
2165,6867
2166,6883
2167,6883
2168,6869
2169,6876
2170,6883
2171,6876
2172,6876
2173,6876
2174,6856
2175,6903
2176,6856
2177,6876
2178,6876
2179,6883
2180,6890
2181,6876
2182,6869
2183,6876
2184,6869
2185,6856
2186,6883
2187,6883
2188,6890
2189,6890
2190,6876
2191,6883
2192,6883
2193,6876
2194,6903
2195,6869
2196,6869
2197,6847
2198,6894
2199,6883
2200,6867
2201,6883
2202,6876
2203,6890
2204,6869
2205,6887
2206,6860
2207,6881
2208,6890
2209,6874
2210,6894
2211,6876
2212,6876
2213,6860
2214,6874
2215,6918
2216,6883
2217,6887
2218,6876
2219,6876
2220,6883
2221,6876
2222,6887
2223,6876
2224,6881
2225,6881
2226,6887
2227,6860
2228,6876
2229,6901
2230,6869
2231,6894
2232,6887
2233,6869
2234,6887
2235,6894
2236,6874
2237,6883
2238,6869
2239,6869
2240,6883
2241,6847
2242,6874
2243,6869
2244,6840
2245,6890
2246,6876
2247,6890
2248,6890
2249,6867
2250,6887
2251,6876
2252,6887
2253,6869
2254,6876
2255,6860
2256,6876
2257,6860
2258,6876
2259,6869
2260,6874
2261,6860
2262,6860
2263,6890
2264,6890
2265,6867
2266,6881
2267,6876
2268,6874
2269,6881
2270,6874
2271,6854
2272,6874
2273,6867
2274,6890
2275,6860
2276,6863
2277,6876
2278,6869
2279,6887
2280,6867
2281,6874
2282,6869
2283,6869
2284,6894
2285,6860
2286,6883
2287,6901
2288,6890
2289,6874
2290,6890
2291,6890
2292,6881
2293,6840
2294,6876
2295,6874
2296,6883
2297,6876
2298,6883
2299,6876
2300,6894
2301,6883
2302,6869
2303,6860
2304,6876
2305,6847
2306,6876
2307,6863
2308,6894
2309,6847
2310,6883
2311,6894
2312,6883
2313,6881
2314,6890
2315,6874
2316,6887
2317,6890
2318,6867
2319,6894
2320,6867
2321,6890
2322,6869
2323,6876
2324,6883
2325,6890
2326,6834
2327,6863
2328,6887
2329,6869
2330,6874
2331,6883
2332,6860
2333,6876
2334,6874
2335,6867
2336,6883
2337,6890
2338,6874
2339,6869
2340,6890
2341,6881
2342,6876
2343,6860
2344,6854
2345,6883
2346,6876
2347,6869
2348,6894
2349,6876
2350,6869
2351,6869
2352,6883
2353,6856
2354,6901
2355,6867
2356,6901
2357,6887
2358,6876
2359,6867
2360,6890
2361,6874
2362,6863
2363,6860
2364,6883
2365,6869
2366,6894
2367,6854
2368,6890
2369,6863
2370,6883
2371,6874
2372,6867
2373,6876
2374,6874
2375,6874
2376,6834
2377,6876
2378,6883
2379,6883
2380,6860
2381,6869
2382,6869
2383,6860
2384,6887
2385,6863
2386,6869
2387,6876
2388,6869
2389,6883
2390,6867
2391,6894
2392,6918
2393,6881
2394,6863
2395,6854
2396,6883
2397,6883
2398,6876
2399,6876
2400,6887
2401,6894
2402,6869
2403,6856
2404,6876
2405,6883
2406,6876
2407,6856
2408,6890
2409,6894
2410,6876
2411,6874
2412,6874
2413,6876
2414,6883
2415,6894
2416,6890
2417,6869
2418,6901
2419,6894
2420,6869
2421,6863
2422,6883
2423,6883
2424,6887
2425,6903
2426,6881
2427,6867
2428,6854
2429,6876
2430,6881
2431,6867
2432,6863
2433,6883
2434,6883
2435,6883
2436,6876
2437,6876
2438,6890
2439,6854
2440,6890
2441,6876
2442,6876
2443,6901
2444,6860
2445,6869
2446,6874
2447,6847
2448,6854
2449,6860
2450,6860
2451,6894
2452,6863
2453,6860
2454,6887
2455,6876
2456,6883
2457,6883
2458,6860
2459,6874
2460,6874
2461,6856
2462,6847
2463,6869
2464,6854
2465,6869
2466,6925
2467,6894
2468,6883
2469,6876
2470,6867
2471,6883
2472,6883
2473,6876
2474,6869
2475,6883
2476,6874
2477,6860
2478,6860
2479,6887
2480,6883
2481,6894
2482,6860
2483,6874
2484,6894
2485,6883
2486,6881
2487,6869
2488,6876
2489,6883
2490,6876
2491,6876
2492,6856
2493,6890
2494,6883
2495,6890
2496,6869
2497,6869
2498,6860
2499,6890
2500,6881
2501,6876
2502,6867
2503,6890
2504,6894
2505,6890
2506,6883
2507,6890
2508,6874
2509,6869
2510,6860
2511,6869
2512,6881
2513,6894
2514,6856
2515,6869
2516,6867
2517,6869
2518,6854
2519,6890
2520,6874
2521,6894
2522,6869
2523,6869
2524,6860
2525,6883
2526,6867
2527,6876
2528,6881
2529,6869
2530,6867
2531,6854
2532,6869
2533,6901
2534,6860
2535,6860
2536,6881
2537,6903
2538,6887
2539,6860
2540,6903
2541,6894
2542,6876
2543,6874
2544,6890
2545,6894
2546,6883
2547,6890
2548,6894
2549,6883
2550,6840
2551,6890
2552,6894
2553,6876
2554,6883
2555,6883
2556,6876
2557,6869
2558,6887
2559,6874
2560,6869
2561,6854
2562,6869
2563,6883
2564,6896
2565,6867
2566,6869
2567,6860
2568,6881
2569,6847
2570,6887
2571,6883
2572,6876
2573,6876
2574,6883
2575,6887
2576,6867
2577,6887
2578,6883
2579,6881
2580,6883
2581,6876
2582,6840
2583,6887
2584,6863
2585,6894
2586,6883
2587,6869
2588,6887
2589,6890
2590,6890
2591,6856
2592,6876
2593,6860
2594,6863
2595,6883
2596,6894
2597,6869
2598,6894
2599,6863
2600,6876
2601,6887
2602,6894
2603,6863
2604,6890
2605,6883
2606,6887
2607,6874
2608,6887
2609,6863
2610,6883
2611,6854
2612,6890
2613,6874
2614,6876
2615,6874
2616,6890
2617,6881
2618,6856
2619,6876
2620,6883
2621,6894
2622,6874
2623,6894
2624,6887
2625,6854
2626,6863
2627,6881
2628,6876
2629,6876
2630,6890
2631,6894
2632,6876
2633,6883
2634,6874
2635,6869
2636,6881
2637,6869
2638,6881
2639,6867
2640,6894
2641,6867
2642,6847
2643,6856
2644,6854
2645,6894
2646,6867
2647,6903
2648,6874
2649,6860
2650,6863
2651,6914
2652,6856
2653,6876
2654,6854
2655,6860
2656,6874
2657,6874
2658,6840
2659,6883
2660,6867
2661,6890
2662,6876
2663,6890
2664,6847
2665,6840
2666,6847
2667,6874
2668,6874
2669,6881
2670,6894
2671,6894
2672,6863
2673,6881
2674,6860
2675,6856
2676,6874
2677,6876
2678,6840
2679,6881
2680,6869
2681,6890
2682,6887
2683,6876
2684,6860
2685,6869
2686,6860
2687,6867
2688,6874
2689,6883
2690,6847
2691,6843
2692,6883
2693,6894
2694,6883
2695,6860
2696,6867
2697,6860
2698,6874
2699,6883
2700,6860
2701,6883
2702,6869
2703,6869
2704,6890
2705,6854
2706,6876
2707,6883
2708,6881
2709,6894
2710,6854
2711,6874
2712,6876
2713,6874
2714,6883
2715,6894
2716,6840
2717,6863
2718,6869
2719,6890
2720,6854
2721,6887
2722,6876
2723,6876
2724,6883
2725,6883
2726,6883
2727,6847
2728,6863
2729,6883
2730,6883
2731,6856
2732,6876
2733,6883
2734,6876
2735,6876
2736,6883
2737,6860
2738,6887
2739,6887
2740,6869
2741,6887
2742,6881
2743,6894
2744,6876
2745,6863
2746,6881
2747,6874
2748,6856
2749,6867
2750,6847
2751,6867
2752,6881
2753,6867
2754,6883
2755,6887
2756,6894
2757,6883
2758,6863
2759,6863
2760,6876
2761,6887
2762,6867
2763,6887
2764,6876
2765,6883
2766,6876
2767,6890
2768,6890
2769,6869
2770,6874
2771,6894
2772,6863
2773,6874
2774,6883
2775,6874
2776,6863
2777,6863
2778,6903
2779,6890
2780,6847
2781,6860
2782,6876
2783,6867
2784,6876
2785,6883
2786,6881
2787,6883
2788,6863
2789,6890
2790,6854
2791,6876
2792,6869
2793,6869
2794,6894
2795,6869
2796,6883
2797,6894
2798,6876
2799,6854
2800,6876
2801,6881
2802,6869
2803,6860
2804,6856
2805,6883
2806,6883
2807,6881
2808,6874
2809,6849
2810,6876
2811,6881
2812,6876
2813,6863
2814,6894
2815,6869
2816,6881
2817,6860
2818,6867
2819,6887
2820,6894
2821,6890
2822,6863
2823,6854
2824,6869
2825,6867
2826,6881
2827,6867
2828,6860
2829,6860
2830,6867
2831,6901
2832,6874
2833,6869
2834,6863
2835,6881
2836,6883
2837,6890
2838,6874
2839,6894
2840,6847
2841,6910
2842,6860
2843,6860
2844,6894
2845,6894
2846,6894
2847,6854
2848,6874
2849,6854
2850,6876
2851,6867
2852,6903
2853,6890
2854,6869
2855,6867
2856,6883
2857,6863
2858,6876
2859,6874
2860,6890
2861,6854
2862,6876
2863,6863
2864,6881
2865,6876
2866,6854
2867,6854
2868,6876
2869,6890
2870,6881
2871,6854
2872,6874
2873,6890
2874,6860
2875,6867
2876,6876
2877,6869
2878,6869
2879,6881
2880,6874
2881,6901
2882,6883
2883,6856
2884,6876
2885,6881
2886,6883
2887,6876
2888,6883
2889,6876
2890,6894
2891,6867
2892,6903
2893,6876
2894,6876
2895,6856
2896,6869
2897,6874
2898,6849
2899,6854
2900,6883
2901,6867
2902,6854
2903,6874
2904,6867
2905,6869
2906,6876
2907,6876
2908,6883
2909,6867
2910,6883
2911,6883
2912,6869
2913,6874
2914,6876
2915,6887
2916,6883
2917,6854
2918,6867
2919,6876
2920,6867
2921,6869
2922,6887
2923,6883
2924,6860
2925,6883
2926,6876
2927,6883
2928,6867
2929,6869
2930,6856
2931,6883
2932,6856
2933,6863
2934,6876
2935,6863
2936,6860
2937,6874
2938,6883
2939,6856
2940,6890
2941,6843
2942,6869
2943,6867
2944,6883
2945,6894
2946,6883
2947,6867
2948,6860
2949,6856
2950,6856
2951,6840
2952,6876
2953,6876
2954,6867
2955,6883
2956,6876
2957,6856
2958,6856
2959,6869
2960,6854
2961,6883
2962,6876
2963,6876
2964,6874
2965,6883
2966,6894
2967,6876
2968,6849
2969,6876
2970,6887
2971,6883
2972,6876
2973,6887
2974,6890
2975,6863
2976,6860
2977,6894
2978,6876
2979,6903
2980,6883
2981,6876
2982,6869
2983,6876
2984,6854
2985,6860
2986,6876
2987,6867
2988,6890
2989,6883
2990,6887
2991,6876
2992,6890
2993,6881
2994,6883
2995,6869
2996,6867
2997,6883
2998,6876
2999,6876
3000,6894
3001,6883
3002,6883
3003,6883
3004,6867
3005,6867
3006,6876
3007,6903
3008,6869
3009,6867
3010,6876
3011,6887
3012,6881
3013,6863
3014,6890
3015,6869
3016,6883
3017,6901
3018,6863
3019,6883
3020,6883
3021,6876
3022,6876
3023,6869
3024,6876
3025,6869
3026,6883
3027,6854
3028,6883
3029,6903
3030,6854
3031,6883
3032,6847
3033,6874
3034,6843
3035,6827
3036,6883
3037,6883
3038,6903
3039,6876
3040,6876
3041,6869
3042,6834
3043,6867
3044,6874
3045,6869
3046,6883
3047,6863
3048,6903
3049,6876
3050,6887
3051,6876
3052,6901
3053,6876
3054,6881
3055,6854
3056,6863
3057,6840
3058,6883
3059,6876
3060,6890
3061,6854
3062,6874
3063,6894
3064,6869
3065,6847
3066,6854
3067,6894
3068,6860
3069,6874
3070,6883
3071,6883
3072,6874
3073,6883
3074,6894
3075,6867
3076,6887
3077,6883
3078,6876
3079,6874
3080,6867
3081,6874
3082,6883
3083,6894
3084,6876
3085,6854
3086,6901
3087,6874
3088,6881
3089,6867
3090,6883
3091,6881
3092,6860
3093,6860
3094,6894
3095,6863
3096,6854
3097,6874
3098,6874
3099,6876
3100,6890
3101,6869
3102,6890
3103,6874
3104,6894
3105,6867
3106,6843
3107,6869
3108,6890
3109,6874
3110,6931
3111,6863
3112,6869
3113,6894
3114,6869
3115,6876
3116,6863
3117,6896
3118,6874
3119,6854
3120,6869
3121,6856
3122,6867
3123,6869
3124,6867
3125,6860
3126,6883
3127,6874
3128,6874
3129,6883
3130,6883
3131,6890
3132,6887
3133,6890
3134,6876
3135,6890
3136,6867
3137,6874
3138,6854
3139,6874
3140,6890
3141,6890
3142,6840
3143,6867
3144,6867
3145,6883
3146,6869
3147,6847
3148,6874
3149,6887
3150,6883
3151,6881
3152,6854
3153,6883
3154,6849
3155,6847
3156,6896
3157,6883
3158,6840
3159,6881
3160,6854
3161,6883
3162,6860
3163,6860
3164,6883
3165,6860
3166,6876
3167,6847
3168,6901
3169,6867
3170,6894
3171,6896
3172,6876
3173,6901
3174,6881
3175,6883
3176,6854
3177,6876
3178,6867
3179,6874
3180,6901
3181,6860
3182,6867
3183,6890
3184,6867
3185,6869
3186,6860
3187,6856
3188,6869
3189,6887
3190,6847
3191,6863
3192,6869
3193,6867
3194,6863
3195,6863
3196,6869
3197,6869
3198,6874
3199,6890
3200,6863
3201,6874
3202,6867
3203,6894
3204,6876
3205,6887
3206,6867
3207,6874
3208,6901
3209,6840
3210,6867
3211,6883
3212,6890
3213,6876
3214,6876
3215,6887
3216,6883
3217,6867
3218,6890
3219,6847
3220,6840
3221,6854
3222,6883
3223,6869
3224,6881
3225,6887
3226,6876
3227,6881
3228,6883
3229,6881
3230,6881
3231,6881
3232,6847
3233,6854
3234,6881
3235,6883
3236,6856
3237,6887
3238,6876
3239,6894
3240,6890
3241,6883
3242,6876
3243,6869
3244,6874
3245,6869
3246,6887
3247,6874
3248,6869
3249,6869
3250,6869
3251,6874
3252,6881
3253,6869
3254,6890
3255,6856
3256,6890
3257,6874
3258,6867
3259,6890
3260,6890
3261,6901
3262,6894
3263,6883
3264,6863
3265,6894
3266,6894
3267,6876
3268,6894
3269,6836
3270,6894
3271,6854
3272,6894
3273,6863
3274,6869
3275,6883
3276,6867
3277,6854
3278,6874
3279,6874
3280,6876
3281,6869
3282,6869
3283,6887
3284,6883
3285,6860
3286,6903
3287,6874
3288,6876
3289,6876
3290,6901
3291,6887
3292,6840
3293,6869
3294,6860
3295,6890
3296,6890
3297,6890
3298,6881
3299,6890
3300,6903
3301,6894
3302,6876
3303,6874
3304,6883
3305,6890
3306,6890
3307,6881
3308,6854
3309,6849
3310,6881
3311,6874
3312,6867
3313,6883
3314,6881
3315,6887
3316,6836
3317,6849
3318,6840
3319,6883
3320,6876
3321,6881
3322,6883
3323,6869
3324,6883
3325,6869
3326,6860
3327,6874
3328,6876
3329,6883
3330,6874
3331,6890
3332,6867
3333,6887
3334,6874
3335,6883
3336,6903
3337,6883
3338,6883
3339,6883
3340,6869
3341,6854
3342,6849
3343,6869
3344,6874
3345,6890
3346,6856
3347,6860
3348,6860
3349,6863
3350,6887
3351,6854
3352,6860
3353,6890
3354,6876
3355,6847
3356,6867
3357,6863
3358,6843
3359,6883
3360,6876
3361,6883
3362,6876
3363,6883
3364,6890
3365,6890
3366,6894
3367,6876
3368,6883
3369,6883
3370,6869
3371,6869
3372,6883
3373,6876
3374,6860
3375,6890
3376,6863
3377,6883
3378,6883
3379,6887
3380,6874
3381,6883
3382,6876
3383,6883
3384,6883
3385,6867
3386,6869
3387,6876
3388,6840
3389,6867
3390,6881
3391,6896
3392,6910
3393,6876
3394,6876
3395,6910
3396,6876
3397,6869
3398,6876
3399,6876
3400,6887
3401,6863
3402,6883
3403,6869
3404,6890
3405,6883
3406,6876
3407,6876
3408,6890
3409,6881
3410,6890
3411,6867
3412,6863
3413,6876
3414,6883
3415,6876
3416,6876
3417,6876
3418,6901
3419,6876
3420,6869
3421,6876
3422,6869
3423,6863
3424,6863
3425,6890
3426,6887
3427,6874
3428,6863
3429,6869
3430,6860
3431,6869
3432,6860
3433,6894
3434,6863
3435,6869
3436,6887
3437,6894
3438,6849
3439,6863
3440,6874
3441,6876
3442,6867
3443,6869
3444,6883
3445,6881
3446,6883
3447,6890
3448,6883
3449,6883
3450,6876
3451,6863
3452,6869
3453,6881
3454,6863
3455,6869
3456,6876
3457,6863
3458,6883
3459,6869
3460,6894
3461,6869
3462,6901
3463,6863
3464,6860
3465,6840
3466,6876
3467,6890
3468,6907
3469,6867
3470,6863
3471,6863
3472,6890
3473,6887
3474,6854
3475,6883
3476,6876
3477,6876
3478,6867
3479,6867
3480,6907
3481,6883
3482,6881
3483,6847
3484,6910
3485,6883
3486,6883
3487,6883
3488,6887
3489,6890
3490,6883
3491,6867
3492,6874
3493,6854
3494,6876
3495,6876
3496,6869
3497,6876
3498,6876
3499,6883
3500,6890
3501,6867
3502,6863
3503,6883
3504,6854
3505,6876
3506,6901
3507,6874
3508,6867
3509,6876
3510,6863
3511,6863
3512,6883
3513,6890
3514,6867
3515,6883
3516,6876
3517,6883
3518,6887
3519,6890
3520,6910
3521,6881
3522,6874
3523,6883
3524,6869
3525,6876
3526,6907
3527,6894
3528,6883
3529,6876
3530,6856
3531,6894
3532,6860
3533,6867
3534,6876
3535,6894
3536,6860
3537,6869
3538,6867
3539,6883
3540,6887
3541,6883
3542,6901
3543,6890
3544,6883
3545,6876
3546,6876
3547,6883
3548,6890
3549,6860
3550,6860
3551,6863
3552,6854
3553,6869
3554,6854
3555,6863
3556,6854
3557,6856
3558,6890
3559,6863
3560,6881
3561,6887
3562,6890
3563,6890
3564,6869
3565,6863
3566,6883
3567,6881
3568,6867
3569,6869
3570,6883
3571,6883
3572,6876
3573,6883
3574,6876
3575,6890
3576,6883
3577,6874
3578,6876
3579,6894
3580,6867
3581,6863
3582,6869
3583,6863
3584,6869
3585,6894
3586,6869
3587,6883
3588,6881
3589,6890
3590,6876
3591,6874
3592,6860
3593,6881
3594,6887
3595,6890
3596,6890
3597,6883
3598,6894
3599,6883
3600,6874
3601,6867
3602,6876
3603,6869
3604,6894
3605,6869
3606,6883
3607,6883
3608,6860
3609,6869
3610,6863
3611,6856
3612,6894
3613,6869
3614,6890
3615,6876
3616,6867
3617,6867
3618,6876
3619,6883
3620,6867
3621,6901
3622,6883
3623,6890
3624,6836
3625,6890
3626,6860
3627,6874
3628,6883
3629,6854
3630,6883
3631,6894
3632,6869
3633,6890
3634,6903
3635,6890
3636,6856
3637,6869
3638,6860
3639,6887
3640,6894
3641,6869
3642,6874
3643,6854
3644,6874
3645,6894
3646,6863
3647,6860
3648,6903
3649,6887
3650,6887
3651,6876
3652,6881
3653,6847
3654,6894
3655,6860
3656,6860
3657,6883
3658,6869
3659,6869
3660,6883
3661,6854
3662,6890
3663,6883
3664,6863
3665,6887
3666,6890
3667,6869
3668,6847
3669,6869
3670,6869
3671,6883
3672,6883
3673,6887
3674,6854
3675,6863
3676,6876
3677,6854
3678,6890
3679,6890
3680,6836
3681,6883
3682,6860
3683,6881
3684,6854
3685,6856
3686,6856
3687,6863
3688,6883
3689,6874
3690,6869
3691,6883
3692,6876
3693,6874
3694,6869
3695,6890
3696,6876
3697,6901
3698,6894
3699,6876
3700,6876
3701,6856
3702,6863
3703,6869
3704,6869
3705,6881
3706,6863
3707,6869
3708,6863
3709,6847
3710,6894
3711,6869
3712,6876
3713,6860
3714,6856
3715,6883
3716,6869
3717,6874
3718,6883
3719,6847
3720,6829
3721,6863
3722,6876
3723,6883
3724,6876
3725,6883
3726,6881
3727,6867
3728,6883
3729,6869
3730,6887
3731,6869
3732,6854
3733,6843
3734,6894
3735,6876
3736,6869
3737,6854
3738,6876
3739,6860
3740,6860
3741,6849
3742,6869
3743,6876
3744,6894
3745,6876
3746,6869
3747,6883
3748,6883
3749,6869
3750,6869
3751,6890
3752,6883
3753,6856
3754,6854
3755,6863
3756,6869
3757,6867
3758,6854
3759,6863
3760,6863
3761,6883
3762,6887
3763,6874
3764,6874
3765,6867
3766,6887
3767,6860
3768,6854
3769,6860
3770,6863
3771,6860
3772,6867
3773,6874
3774,6883
3775,6874
3776,6883
3777,6854
3778,6894
3779,6890
3780,6856
3781,6887
3782,6894
3783,6863
3784,6894
3785,6894
3786,6854
3787,6883
3788,6867
3789,6854
3790,6869
3791,6876
3792,6876
3793,6887
3794,6876
3795,6876
3796,6874
3797,6887
3798,6890
3799,6887
3800,6876
3801,6883
3802,6869
3803,6863
3804,6869
3805,6869
3806,6860
3807,6874
3808,6860
3809,6867
3810,6890
3811,6883
3812,6863
3813,6874
3814,6854
3815,6883
3816,6860
3817,6863
3818,6869
3819,6847
3820,6894
3821,6869
3822,6894
3823,6890
3824,6883
3825,6847
3826,6876
3827,6860
3828,6876
3829,6847
3830,6860
3831,6876
3832,6874
3833,6887
3834,6894
3835,6847
3836,6876
3837,6876
3838,6856
3839,6890
3840,6881
3841,6876
3842,6874
3843,6883
3844,6876
3845,6874
3846,6876
3847,6883
3848,6876
3849,6876
3850,6860
3851,6890
3852,6883
3853,6867
3854,6863
3855,6883
3856,6869
3857,6860
3858,6867
3859,6869
3860,6890
3861,6894
3862,6860
3863,6869
3864,6887
3865,6849
3866,6876
3867,6883
3868,6876
3869,6867
3870,6887
3871,6876
3872,6869
3873,6869
3874,6887
3875,6883
3876,6894
3877,6863
3878,6881
3879,6869
3880,6860
3881,6894
3882,6883
3883,6854
3884,6847
3885,6883
3886,6883
3887,6867
3888,6874
3889,6867
3890,6854
3891,6843
3892,6860
3893,6876
3894,6869
3895,6867
3896,6860
3897,6881
3898,6887
3899,6836
3900,6876
3901,6874
3902,6883
3903,6876
3904,6890
3905,6854
3906,6894
3907,6890
3908,6883
3909,6854
3910,6867
3911,6894
3912,6881
3913,6869
3914,6860
3915,6869
3916,6890
3917,6867
3918,6881
3919,6863
3920,6881
3921,6883
3922,6883
3923,6856
3924,6867
3925,6887
3926,6863
3927,6869
3928,6883
3929,6883
3930,6863
3931,6876
3932,6876
3933,6901
3934,6869
3935,6894
3936,6883
3937,6860
3938,6876
3939,6876
3940,6876
3941,6883
3942,6881
3943,6849
3944,6883
3945,6876
3946,6867
3947,6890
3948,6883
3949,6883
3950,6883
3951,6890
3952,6867
3953,6883
3954,6863
3955,6860
3956,6894
3957,6890
3958,6863
3959,6876
3960,6887
3961,6869
3962,6887
3963,6863
3964,6863
3965,6860
3966,6869
3967,6874
3968,6869
3969,6863
3970,6869
3971,6863
3972,6867
3973,6847
3974,6876
3975,6874
3976,6869
3977,6883
3978,6867
3979,6860
3980,6881
3981,6874
3982,6874
3983,6890
3984,6860
3985,6876
3986,6867
3987,6867
3988,6894
3989,6881
3990,6854
3991,6890
3992,6881
3993,6867
3994,6874
3995,6876
3996,6894
3997,6894
3998,6883
3999,6894
4000,6869
4001,6876
4002,6903
4003,6869
4004,6894
4005,6849
4006,6860
4007,6890
4008,6869
4009,6881
4010,6907
4011,6856
4012,6867
4013,6890
4014,6869
4015,6896
4016,6869
4017,6883
4018,6894
4019,6840
4020,6874
4021,6854
4022,6887
4023,6874
4024,6883
4025,6869
4026,6876
4027,6860
4028,6867
4029,6867
4030,6894
4031,6890
4032,6881
4033,6876
4034,6876
4035,6847
4036,6876
4037,6867
4038,6863
4039,6854
4040,6860
4041,6876
4042,6887
4043,6887
4044,6869
4045,6883
4046,6863
4047,6856
4048,6881
4049,6876
4050,6894
4051,6834
4052,6883
4053,6869
4054,6876
4055,6883
4056,6854
4057,6890
4058,6883
4059,6863
4060,6863
4061,6840
4062,6863
4063,6867
4064,6890
4065,6883
4066,6890
4067,6867
4068,6869
4069,6856
4070,6854
4071,6856
4072,6894
4073,6860
4074,6874
4075,6876
4076,6856
4077,6849
4078,6867
4079,6883
4080,6883
4081,6876
4082,6860
4083,6894
4084,6883
4085,6860
4086,6874
4087,6876
4088,6883
4089,6876
4090,6867
4091,6890
4092,6881
4093,6869
4094,6874
4095,6874
4096,6863
4097,6876
4098,6874
4099,6869
4100,6910
4101,6903
4102,6854
4103,6869
4104,6863
4105,6894
4106,6869
4107,6849
4108,6883
4109,6867
4110,6883
4111,6856
4112,6890
4113,6883
4114,6887
4115,6867
4116,6876
4117,6883
4118,6883
4119,6901
4120,6883
4121,6863
4122,6847
4123,6883
4124,6876
4125,6876
4126,6869
4127,6876
4128,6901
4129,6883
4130,6847
4131,6869
4132,6894
4133,6876
4134,6854
4135,6874
4136,6881
4137,6876
4138,6883
4139,6876
4140,6887
4141,6876
4142,6883
4143,6874
4144,6887
4145,6883
4146,6869
4147,6876
4148,6890
4149,6876
4150,6883
4151,6896
4152,6883
4153,6883
4154,6883
4155,6867
4156,6876
4157,6869
4158,6867
4159,6869
4160,6874
4161,6863
4162,6894
4163,6894
4164,6874
4165,6867
4166,6856
4167,6883
4168,6890
4169,6883
4170,6887
4171,6890
4172,6863
4173,6860
4174,6887
4175,6860
4176,6883
4177,6890
4178,6883
4179,6869
4180,6894
4181,6876
4182,6881
4183,6876
4184,6883
4185,6883
4186,6874
4187,6823
4188,6860
4189,6887
4190,6887
4191,6883
4192,6894
4193,6876
4194,6854
4195,6910
4196,6863
4197,6894
4198,6876
4199,6883
4200,6887
4201,6869
4202,6863
4203,6883
4204,6843
4205,6894
4206,6876
4207,6869
4208,6883
4209,6887
4210,6876
4211,6876
4212,6890
4213,6876
4214,6894
4215,6869
4216,6876
4217,6874
4218,6890
4219,6869
4220,6876
4221,6863
4222,6876
4223,6876
4224,6869
4225,6867
4226,6867
4227,6883
4228,6894
4229,6883
4230,6867
4231,6883
4232,6876
4233,6869
4234,6887
4235,6854
4236,6876
4237,6887
4238,6881
4239,6867
4240,6883
4241,6887
4242,6874
4243,6867
4244,6869
4245,6876
4246,6887
4247,6860
4248,6894
4249,6876
4250,6847
4251,6876
4252,6869
4253,6887
4254,6890
4255,6887
4256,6869
4257,6883
4258,6876
4259,6847
4260,6894
4261,6876
4262,6883
4263,6883
4264,6836
4265,6863
4266,6894
4267,6863
4268,6874
4269,6894
4270,6869
4271,6883
4272,6867
4273,6890
4274,6883
4275,6881
4276,6863
4277,6867
4278,6876
4279,6876
4280,6876
4281,6854
4282,6881
4283,6860
4284,6881
4285,6918
4286,6890
4287,6881
4288,6856
4289,6901
4290,6883
4291,6876
4292,6887
4293,6887
4294,6874
4295,6901
4296,6863
4297,6876
4298,6840
4299,6869
4300,6876
4301,6869
4302,6881
4303,6883
4304,6890
4305,6876
4306,6869
4307,6854
4308,6876
4309,6869
4310,6863
4311,6894
4312,6863
4313,6869
4314,6867
4315,6890
4316,6867
4317,6860
4318,6894
4319,6867
4320,6883
4321,6840
4322,6883
4323,6883
4324,6887
4325,6849
4326,6876
4327,6860
4328,6890
4329,6890
4330,6881
4331,6883
4332,6887
4333,6847
4334,6894
4335,6860
4336,6887
4337,6881
4338,6863
4339,6887
4340,6894
4341,6883
4342,6860
4343,6869
4344,6883
4345,6890
4346,6883
4347,6910
4348,6867
4349,6883
4350,6890
4351,6876
4352,6860
4353,6834
4354,6890
4355,6876
4356,6863
4357,6869
4358,6874
4359,6890
4360,6894
4361,6876
4362,6854
4363,6883
4364,6860
4365,6894
4366,6863
4367,6856
4368,6890
4369,6883
4370,6876
4371,6876
4372,6876
4373,6874
4374,6883
4375,6863
4376,6887
4377,6860
4378,6876
4379,6843
4380,6867
4381,6863
4382,6901
4383,6847
4384,6883
4385,6863
4386,6869
4387,6874
4388,6883
4389,6863
4390,6863
4391,6874
4392,6887
4393,6869
4394,6883
4395,6894
4396,6869
4397,6847
4398,6883
4399,6860
4400,6887
4401,6860
4402,6876
4403,6874
4404,6854
4405,6883
4406,6876
4407,6894
4408,6890
4409,6883
4410,6883
4411,6894
4412,6890
4413,6883
4414,6876
4415,6890
4416,6869
4417,6876
4418,6883
4419,6883
4420,6874
4421,6894
4422,6869
4423,6856
4424,6863
4425,6854
4426,6869
4427,6883
4428,6874
4429,6883
4430,6869
4431,6874
4432,6874
4433,6869
4434,6890
4435,6874
4436,6890
4437,6856
4438,6883
4439,6883
4440,6874
4441,6863
4442,6890
4443,6890
4444,6863
4445,6863
4446,6867
4447,6867
4448,6869
4449,6860
4450,6867
4451,6869
4452,6856
4453,6883
4454,6883
4455,6874
4456,6887
4457,6869
4458,6869
4459,6894
4460,6863
4461,6876
4462,6876
4463,6876
4464,6883
4465,6869
4466,6883
4467,6863
4468,6881
4469,6890
4470,6869
4471,6883
4472,6894
4473,6883
4474,6874
4475,6869
4476,6890
4477,6894
4478,6876
4479,6869
4480,6874
4481,6863
4482,6869
4483,6867
4484,6869
4485,6869
4486,6869
4487,6869
4488,6894
4489,6874
4490,6883
4491,6874
4492,6887
4493,6863
4494,6890
4495,6874
4496,6883
4497,6847
4498,6860
4499,6876
4500,6883
4501,6876
4502,6894
4503,6854
4504,6883
4505,6869
4506,6869
4507,6860
4508,6876
4509,6854
4510,6876
4511,6876
4512,6901
4513,6876
4514,6856
4515,6876
4516,6883
4517,6883
4518,6883
4519,6883
4520,6863
4521,6854
4522,6856
4523,6876
4524,6890
4525,6890
4526,6869
4527,6876
4528,6894
4529,6854
4530,6887
4531,6883
4532,6894
4533,6883
4534,6881
4535,6883
4536,6890
4537,6894
4538,6883
4539,6903
4540,6876
4541,6869
4542,6867
4543,6883
4544,6874
4545,6881
4546,6890
4547,6860
4548,6887
4549,6890
4550,6876
4551,6883
4552,6883
4553,6869
4554,6863
4555,6883
4556,6869
4557,6903
4558,6907
4559,6863
4560,6887
4561,6890
4562,6903
4563,6894
4564,6890
4565,6834
4566,6890
4567,6883
4568,6883
4569,6890
4570,6901
4571,6869
4572,6876
4573,6856
4574,6883
4575,6894
4576,6883
4577,6876
4578,6881
4579,6869
4580,6876
4581,6901
4582,6874
4583,6883
4584,6883
4585,6883
4586,6867
4587,6874
4588,6876
4589,6869
4590,6874
4591,6863
4592,6883
4593,6881
4594,6883
4595,6896
4596,6876
4597,6867
4598,6860
4599,6890
4600,6856
4601,6869
4602,6887
4603,6876
4604,6887
4605,6869
4606,6869
4607,6840
4608,6883
4609,6863
4610,6883
4611,6876
4612,6883
4613,6876
4614,6883
4615,6860
4616,6883
4617,6840
4618,6887
4619,6883
4620,6883
4621,6869
4622,6847
4623,6876
4624,6860
4625,6863
4626,6876
4627,6867
4628,6869
4629,6881
4630,6860
4631,6874
4632,6876
4633,6867
4634,6863
4635,6860
4636,6881
4637,6869
4638,6890
4639,6881
4640,6860
4641,6903
4642,6883
4643,6883
4644,6869
4645,6890
4646,6901
4647,6903
4648,6883
4649,6883
4650,6876
4651,6876
4652,6876
4653,6876
4654,6890
4655,6883
4656,6869
4657,6876
4658,6876
4659,6867
4660,6876
4661,6883
4662,6903
4663,6883
4664,6883
4665,6890
4666,6876
4667,6860
4668,6869
4669,6863
4670,6863
4671,6856
4672,6874
4673,6890
4674,6854
4675,6883
4676,6854
4677,6856
4678,6863
4679,6883
4680,6894
4681,6890
4682,6876
4683,6876
4684,6876
4685,6840
4686,6854
4687,6869
4688,6869
4689,6890
4690,6867
4691,6883
4692,6883
4693,6856
4694,6883
4695,6856
4696,6840
4697,6867
4698,6869
4699,6883
4700,6869
4701,6854
4702,6856
4703,6860
4704,6883
4705,6869
4706,6860
4707,6874
4708,6876
4709,6876
4710,6883
4711,6856
4712,6869
4713,6883
4714,6854
4715,6876
4716,6863
4717,6876
4718,6863
4719,6890
4720,6883
4721,6876
4722,6869
4723,6876
4724,6890
4725,6863
4726,6890
4727,6883
4728,6854
4729,6874
4730,6883
4731,6874
4732,6869
4733,6854
4734,6883
4735,6896
4736,6876
4737,6883
4738,6876
4739,6876
4740,6890
4741,6869
4742,6854
4743,6887
4744,6894
4745,6867
4746,6863
4747,6883
4748,6876
4749,6876
4750,6874
4751,6883
4752,6876
4753,6869
4754,6876
4755,6883
4756,6863
4757,6867
4758,6869
4759,6883
4760,6896
4761,6883
4762,6883
4763,6840
4764,6881
4765,6883
4766,6869
4767,6890
4768,6863
4769,6854
4770,6890
4771,6869
4772,6887
4773,6869
4774,6876
4775,6849
4776,6883
4777,6883
4778,6890
4779,6883
4780,6876
4781,6883
4782,6876
4783,6887
4784,6876
4785,6890
4786,6890
4787,6869
4788,6876
4789,6883
4790,6876
4791,6876
4792,6876
4793,6863
4794,6876
4795,6883
4796,6890
4797,6869
4798,6876
4799,6890
4800,6874
4801,6867
4802,6874
4803,6869
4804,6876
4805,6876
4806,6883
4807,6860
4808,6876
4809,6883
4810,6887
4811,6883
4812,6890
4813,6869
4814,6867
4815,6883
4816,6876
4817,6874
4818,6869
4819,6883
4820,6876
4821,6876
4822,6890
4823,6869
4824,6867
4825,6876
4826,6887
4827,6847
4828,6876
4829,6881
4830,6869
4831,6869
4832,6863
4833,6901
4834,6869
4835,6894
4836,6883
4837,6876
4838,6890
4839,6874
4840,6876
4841,6883
4842,6876
4843,6894
4844,6887
4845,6869
4846,6876
4847,6867
4848,6876
4849,6874
4850,6856
4851,6883
4852,6854
4853,6856
4854,6883
4855,6883
4856,6901
4857,6869
4858,6883
4859,6890
4860,6890
4861,6843
4862,6856
4863,6890
4864,6863
4865,6883
4866,6883
4867,6869
4868,6854
4869,6840
4870,6894
4871,6894
4872,6874
4873,6890
4874,6847
4875,6883
4876,6883
4877,6883
4878,6881
4879,6869
4880,6869
4881,6894
4882,6869
4883,6863
4884,6883
4885,6849
4886,6869
4887,6890
4888,6890
4889,6854
4890,6883
4891,6890
4892,6883
4893,6856
4894,6869
4895,6876
4896,6883
4897,6883
4898,6863
4899,6876
4900,6883
4901,6894
4902,6876
4903,6890
4904,6881
4905,6883
4906,6856
4907,6890
4908,6856
4909,6867
4910,6849
4911,6869
4912,6876
4913,6856
4914,6869
4915,6874
4916,6876
4917,6876
4918,6869
4919,6869
4920,6881
4921,6856
4922,6863
4923,6894
4924,6860
4925,6890
4926,6869
4927,6876
4928,6881
4929,6869
4930,6894
4931,6869
4932,6883
4933,6860
4934,6890
4935,6890
4936,6863
4937,6876
4938,6881
4939,6876
4940,6890
4941,6876
4942,6876
4943,6894
4944,6894
4945,6883
4946,6876
4947,6874
4948,6869
4949,6869
4950,6847
4951,6894
4952,6890
4953,6874
4954,6869
4955,6860
4956,6887
4957,6894
4958,6890
4959,6869
4960,6876
4961,6876
4962,6876
4963,6883
4964,6890
4965,6876
4966,6874
4967,6890
4968,6883
4969,6874
4970,6894
4971,6856
4972,6849
4973,6869
4974,6856
4975,6890
4976,6869
4977,6883
4978,6860
4979,6869
4980,6876
4981,6869
4982,6883
4983,6901
4984,6876
4985,6876
4986,6874
4987,6890
4988,6883
4989,6883
4990,6869
4991,6883
4992,6883
4993,6876
4994,6867
4995,6894
4996,6890
4997,6869
4998,6890
4999,6881
5000,6876
5001,6883
5002,6876
5003,6869
5004,6881
5005,6856
5006,6863
5007,6869
5008,6883
5009,6876
5010,6863
5011,6894
5012,6874
5013,6876
5014,6849
5015,6894
5016,6876
5017,6856
5018,6869
5019,6883
5020,6883
5021,6876
5022,6856
5023,6863
5024,6883
5025,6869
5026,6863
5027,6869
5028,6869
5029,6881
5030,6890
5031,6883
5032,6896
5033,6890
5034,6876
5035,6876
5036,6876
5037,6876
5038,6876
5039,6874
5040,6869
5041,6876
5042,6890
5043,6867
5044,6890
5045,6896
5046,6869
5047,6876
5048,6863
5049,6869
5050,6883
5051,6856
5052,6883
5053,6847
5054,6863
5055,6890
5056,6867
5057,6876
5058,6890
5059,6847
5060,6890
5061,6856
5062,6876
5063,6881
5064,6856
5065,6887
5066,6876
5067,6874
5068,6890
5069,6883
5070,6883
5071,6843
5072,6883
5073,6863
5074,6876
5075,6896
5076,6869
5077,6883
5078,6876
5079,6894
5080,6869
5081,6854
5082,6876
5083,6863
5084,6901
5085,6883
5086,6869
5087,6876
5088,6874
5089,6863
5090,6869
5091,6863
5092,6863
5093,6883
5094,6876
5095,6876
5096,6890
5097,6876
5098,6883
5099,6887
5100,6883
5101,6890
5102,6869
5103,6890
5104,6863
5105,6883
5106,6876
5107,6856
5108,6863
5109,6867
5110,6874
5111,6869
5112,6874
5113,6903
5114,6863
5115,6869
5116,6863
5117,6890
5118,6863
5119,6887
5120,6894
5121,6876
5122,6869
5123,6890
5124,6863
5125,6876
5126,6869
5127,6860
5128,6883
5129,6869
5130,6876
5131,6856
5132,6883
5133,6883
5134,6883
5135,6876
5136,6869
5137,6849
5138,6883
5139,6907
5140,6883
5141,6876
5142,6894
5143,6883
5144,6876
5145,6867
5146,6869
5147,6876
5148,6883
5149,6876
5150,6869
5151,6876
5152,6863
5153,6849
5154,6856
5155,6869
5156,6869
5157,6863
5158,6890
5159,6874
5160,6876
5161,6849
5162,6834
5163,6883
5164,6856
5165,6887
5166,6883
5167,6869
5168,6883
5169,6869
5170,6863
5171,6860
5172,6907
5173,6890
5174,6890
5175,6869
5176,6881
5177,6869
5178,6867
5179,6863
5180,6883
5181,6881
5182,6869
5183,6863
5184,6876
5185,6869
5186,6856
5187,6856
5188,6863
5189,6890
5190,6894
5191,6863
5192,6883
5193,6867
5194,6876
5195,6863
5196,6847
5197,6890
5198,6863
5199,6869
5200,6876
5201,6867
5202,6883
5203,6876
5204,6887
5205,6876
5206,6881
5207,6890
5208,6856
5209,6867
5210,6863
5211,6894
5212,6883
5213,6863
5214,6883
5215,6883
5216,6883
5217,6876
5218,6869
5219,6869
5220,6849
5221,6856
5222,6883
5223,6883
5224,6894
5225,6854
5226,6890
5227,6876
5228,6869
5229,6869
5230,6876
5231,6854
5232,6856
5233,6876
5234,6883
5235,6890
5236,6856
5237,6876
5238,6890
5239,6876
5240,6863
5241,6856
5242,6894
5243,6863
5244,6869
5245,6881
5246,6854
5247,6894
5248,6876
5249,6874
5250,6883
5251,6883
5252,6876
5253,6883
5254,6883
5255,6869
5256,6869
5257,6876
5258,6876
5259,6876
5260,6883
5261,6869
5262,6869
5263,6869
5264,6863
5265,6894
5266,6874
5267,6890
5268,6856
5269,6876
5270,6881
5271,6883
5272,6863
5273,6890
5274,6849
5275,6883
5276,6883
5277,6883
5278,6876
5279,6876
5280,6856
5281,6901
5282,6890
5283,6849
5284,6890
5285,6849
5286,6869
5287,6894
5288,6860
5289,6874
5290,6869
5291,6887
5292,6856
5293,6876
5294,6887
5295,6863
5296,6869
5297,6883
5298,6863
5299,6867
5300,6890
5301,6883
5302,6876
5303,6876
5304,6860
5305,6860
5306,6854
5307,6876
5308,6860
5309,6876
5310,6876
5311,6867
5312,6883
5313,6856
5314,6881
5315,6860
5316,6869
5317,6876
5318,6856
5319,6883
5320,6876
5321,6876
5322,6876
5323,6883
5324,6863
5325,6883
5326,6876
5327,6883
5328,6856
5329,6876
5330,6883
5331,6890
5332,6876
5333,6856
5334,6874
5335,6854
5336,6869
5337,6869
5338,6876
5339,6890
5340,6883
5341,6869
5342,6874
5343,6856
5344,6894
5345,6874
5346,6856
5347,6860
5348,6883
5349,6887
5350,6883
5351,6890
5352,6869
5353,6874
5354,6869
5355,6883
5356,6876
5357,6876
5358,6883
5359,6876
5360,6890
5361,6869
5362,6887
5363,6854
5364,6863
5365,6883
5366,6876
5367,6890
5368,6894
5369,6883
5370,6881
5371,6876
5372,6894
5373,6863
5374,6876
5375,6876
5376,6876
5377,6869
5378,6869
5379,6894
5380,6863
5381,6863
5382,6876
5383,6863
5384,6876
5385,6881
5386,6869
5387,6887
5388,6883
5389,6876
5390,6876
5391,6863
5392,6883
5393,6876
5394,6869
5395,6876
5396,6890
5397,6890
5398,6914
5399,6876
5400,6856
5401,6847
5402,6869
5403,6863
5404,6883
5405,6876
5406,6883
5407,6881
5408,6869
5409,6863
5410,6863
5411,6869
5412,6876
5413,6883
5414,6874
5415,6883
5416,6887
5417,6874
5418,6883
5419,6883
5420,6876
5421,6890
5422,6876
5423,6874
5424,6883
5425,6890
5426,6883
5427,6890
5428,6856
5429,6874
5430,6869
5431,6887
5432,6894
5433,6869
5434,6883
5435,6883
5436,6887
5437,6869
5438,6883
5439,6894
5440,6869
5441,6876
5442,6883
5443,6894
5444,6883
5445,6869
5446,6876
5447,6887
5448,6887
5449,6854
5450,6890
5451,6883
5452,6863
5453,6863
5454,6890
5455,6901
5456,6860
5457,6883
5458,6876
5459,6881
5460,6876
5461,6856
5462,6883
5463,6890
5464,6883
5465,6883
5466,6890
5467,6876
5468,6881
5469,6883
5470,6863
5471,6907
5472,6883
5473,6874
5474,6847
5475,6890
5476,6869
5477,6869
5478,6860
5479,6894
5480,6874
5481,6869
5482,6876
5483,6890
5484,6876
5485,6860
5486,6856
5487,6863
5488,6881
5489,6854
5490,6860
5491,6856
5492,6867
5493,6867
5494,6876
5495,6894
5496,6907
5497,6883
5498,6843
5499,6894
5500,6876
5501,6883
5502,6876
5503,6887
5504,6869
5505,6883
5506,6901
5507,6883
5508,6894
5509,6890
5510,6867
5511,6863
5512,6881
5513,6876
5514,6860
5515,6890
5516,6894
5517,6890
5518,6883
5519,6860
5520,6883
5521,6863
5522,6890
5523,6867
5524,6876
5525,6876
5526,6887
5527,6890
5528,6883
5529,6890
5530,6883
5531,6863
5532,6876
5533,6890
5534,6876
5535,6890
5536,6869
5537,6894
5538,6894
5539,6890
5540,6890
5541,6881
5542,6869
5543,6869
5544,6860
5545,6863
5546,6883
5547,6883
5548,6876
5549,6863
5550,6887
5551,6883
5552,6894
5553,6876
5554,6883
5555,6890
5556,6854
5557,6867
5558,6876
5559,6890
5560,6849
5561,6894
5562,6876
5563,6890
5564,6860
5565,6856
5566,6907
5567,6874
5568,6863
5569,6863
5570,6834
5571,6876
5572,6847
5573,6883
5574,6887
5575,6867
5576,6860
5577,6883
5578,6876
5579,6881
5580,6856
5581,6883
5582,6876
5583,6876
5584,6869
5585,6876
5586,6874
5587,6883
5588,6876
5589,6860
5590,6869
5591,6890
5592,6876
5593,6869
5594,6887
5595,6881
5596,6876
5597,6883
5598,6869
5599,6869
5600,6860
5601,6883
5602,6876
5603,6876
5604,6876
5605,6863
5606,6883
5607,6883
5608,6881
5609,6854
5610,6876
5611,6876
5612,6883
5613,6863
5614,6869
5615,6874
5616,6890
5617,6860
5618,6876
5619,6887
5620,6860
5621,6856
5622,6869
5623,6887
5624,6863
5625,6867
5626,6881
5627,6890
5628,6887
5629,6876
5630,6874
5631,6867
5632,6883
5633,6883
5634,6883
5635,6901
5636,6876
5637,6863
5638,6883
5639,6876
5640,6860
5641,6881
5642,6874
5643,6869
5644,6863
5645,6881
5646,6869
5647,6867
5648,6863
5649,6863
5650,6887
5651,6863
5652,6876
5653,6881
5654,6883
5655,6876
5656,6887
5657,6890
5658,6876
5659,6883
5660,6867
5661,6876
5662,6867
5663,6863
5664,6883
5665,6883
5666,6883
5667,6883
5668,6876
5669,6860
5670,6869
5671,6869
5672,6883
5673,6876
5674,6849
5675,6869
5676,6874
5677,6874
5678,6894
5679,6881
5680,6876
5681,6890
5682,6856
5683,6869
5684,6883
5685,6881
5686,6883
5687,6863
5688,6883
5689,6876
5690,6876
5691,6881
5692,6883
5693,6876
5694,6887
5695,6863
5696,6894
5697,6894
5698,6883
5699,6883
5700,6860
5701,6890
5702,6867
5703,6883
5704,6890
5705,6847
5706,6874
5707,6876
5708,6867
5709,6887
5710,6876
5711,6856
5712,6847
5713,6869
5714,6869
5715,6860
5716,6869
5717,6876
5718,6869
5719,6876
5720,6887
5721,6883
5722,6901
5723,6883
5724,6834
5725,6890
5726,6869
5727,6894
5728,6883
5729,6854
5730,6876
5731,6876
5732,6856
5733,6876
5734,6890
5735,6847
5736,6876
5737,6854
5738,6881
5739,6903
5740,6854
5741,6874
5742,6863
5743,6863
5744,6883
5745,6887
5746,6860
5747,6847
5748,6847
5749,6876
5750,6876
5751,6863
5752,6869
5753,6867
5754,6894
5755,6843
5756,6860
5757,6869
5758,6883
5759,6901
5760,6890
5761,6890
5762,6860
5763,6869
5764,6876
5765,6847
5766,6883
5767,6869
5768,6883
5769,6874
5770,6876
5771,6890
5772,6874
5773,6890
5774,6883
5775,6890
5776,6869
5777,6876
5778,6856
5779,6890
5780,6876
5781,6876
5782,6869
5783,6883
5784,6887
5785,6860
5786,6876
5787,6883
5788,6883
5789,6890
5790,6860
5791,6883
5792,6883
5793,6856
5794,6890
5795,6869
5796,6890
5797,6874
5798,6867
5799,6876
5800,6867
5801,6883
5802,6876
5803,6876
5804,6876
5805,6890
5806,6881
5807,6890
5808,6876
5809,6876
5810,6869
5811,6876
5812,6860
5813,6860
5814,6890
5815,6863
5816,6876
5817,6883
5818,6863
5819,6883
5820,6856
5821,6894
5822,6883
5823,6890
5824,6876
5825,6863
5826,6876
5827,6883
5828,6890
5829,6874
5830,6843
5831,6863
5832,6867
5833,6867
5834,6876
5835,6890
5836,6863
5837,6869
5838,6860
5839,6887
5840,6883
5841,6876
5842,6874
5843,6869
5844,6849
5845,6869
5846,6883
5847,6883
5848,6894
5849,6890
5850,6876
5851,6876
5852,6881
5853,6854
5854,6890
5855,6883
5856,6869
5857,6881
5858,6863
5859,6847
5860,6883
5861,6883
5862,6869
5863,6887
5864,6901
5865,6890
5866,6883
5867,6890
5868,6887
5869,6876
5870,6869
5871,6874
5872,6869
5873,6890
5874,6869
5875,6876
5876,6876
5877,6867
5878,6883
5879,6887
5880,6890
5881,6854
5882,6881
5883,6890
5884,6883
5885,6869
5886,6876
5887,6883
5888,6867
5889,6894
5890,6863
5891,6869
5892,6890
5893,6894
5894,6890
5895,6856
5896,6869
5897,6849
5898,6869
5899,6867
5900,6894
5901,6887
5902,6876
5903,6876
5904,6883
5905,6876
5906,6894
5907,6890
5908,6856
5909,6894
5910,6890
5911,6883
5912,6881
5913,6863
5914,6867
5915,6876
5916,6876
5917,6874
5918,6876
5919,6876
5920,6856
5921,6894
5922,6890
5923,6869
5924,6881
5925,6883
5926,6876
5927,6876
5928,6883
5929,6876
5930,6876
5931,6856
5932,6883
5933,6883
5934,6876
5935,6890
5936,6876
5937,6876
5938,6890
5939,6890
5940,6894
5941,6890
5942,6881
5943,6854
5944,6883
5945,6883
5946,6876
5947,6890
5948,6860
5949,6876
5950,6874
5951,6883
5952,6890
5953,6876
5954,6887
5955,6863
5956,6883
5957,6854
5958,6876
5959,6883
5960,6890
5961,6876
5962,6843
5963,6901
5964,6869
5965,6854
5966,6890
5967,6874
5968,6863
5969,6883
5970,6883
5971,6876
5972,6881
5973,6869
5974,6876
5975,6883
5976,6876
5977,6883
5978,6854
5979,6840
5980,6883
5981,6883
5982,6876
5983,6876
5984,6890
5985,6890
5986,6869
5987,6876
5988,6876
5989,6890
5990,6854
5991,6856
5992,6876
5993,6890
5994,6876
5995,6863
5996,6867
5997,6867
5998,6849
5999,6867
6000,6863
6001,6883
6002,6869
6003,6883
6004,6867
6005,6894
6006,6876
6007,6856
6008,6874
6009,6887
6010,6890
6011,6876
6012,6890
6013,6869
6014,6847
6015,6874
6016,6869
6017,6863
6018,6881
6019,6869
6020,6890
6021,6894
6022,6890
6023,6876
6024,6890
6025,6847
6026,6881
6027,6849
6028,6883
6029,6890
6030,6890
6031,6860
6032,6883
6033,6869
6034,6901
6035,6890
6036,6901
6037,6860
6038,6876
6039,6890
6040,6876
6041,6883
6042,6863
6043,6869
6044,6883
6045,6867
6046,6876
6047,6867
6048,6901
6049,6847
6050,6876
6051,6876
6052,6883
6053,6890
6054,6867
6055,6890
6056,6869
6057,6874
6058,6876
6059,6896
6060,6887
6061,6869
6062,6869
6063,6894
6064,6883
6065,6890
6066,6881
6067,6883
6068,6876
6069,6883
6070,6887
6071,6847
6072,6887
6073,6863
6074,6894
6075,6910
6076,6874
6077,6869
6078,6894
6079,6890
6080,6890
6081,6849
6082,6867
6083,6849
6084,6890
6085,6869
6086,6867
6087,6881
6088,6894
6089,6860
6090,6869
6091,6860
6092,6863
6093,6890
6094,6856
6095,6883
6096,6869
6097,6883
6098,6883
6099,6883
6100,6876
6101,6876
6102,6869
6103,6860
6104,6869
6105,6876
6106,6869
6107,6883
6108,6856
6109,6890
6110,6869
6111,6849
6112,6876
6113,6867
6114,6869
6115,6849
6116,6890
6117,6869
6118,6876
6119,6890
6120,6901
6121,6883
6122,6894
6123,6876
6124,6881
6125,6876
6126,6854
6127,6881
6128,6863
6129,6869
6130,6890
6131,6869
6132,6894
6133,6867
6134,6874
6135,6890
6136,6876
6137,6890
6138,6883
6139,6890
6140,6883
6141,6887
6142,6874
6143,6876
6144,6856
6145,6883
6146,6890
6147,6849
6148,6881
6149,6876
6150,6894
6151,6876
6152,6867
6153,6860
6154,6890
6155,6883
6156,6869
6157,6867
6158,6883
6159,6869
6160,6876
6161,6869
6162,6856
6163,6869
6164,6887
6165,6854
6166,6883
6167,6869
6168,6847
6169,6849
6170,6869
6171,6863
6172,6890
6173,6876
6174,6883
6175,6869
6176,6890
6177,6883
6178,6890
6179,6856
6180,6876
6181,6867
6182,6876
6183,6890
6184,6860
6185,6890
6186,6874
6187,6874
6188,6869
6189,6876
6190,6883
6191,6876
6192,6849
6193,6860
6194,6887
6195,6876
6196,6876
6197,6876
6198,6876
6199,6894
6200,6856
6201,6876
6202,6883
6203,6876
6204,6854
6205,6876
6206,6869
6207,6876
6208,6883
6209,6856
6210,6883
6211,6883
6212,6876
6213,6894
6214,6883
6215,6890
6216,6834
6217,6890
6218,6894
6219,6883
6220,6869
6221,6854
6222,6890
6223,6876
6224,6876
6225,6894
6226,6881
6227,6883
6228,6876
6229,6874
6230,6883
6231,6860
6232,6883
6233,6883
6234,6890
6235,6894
6236,6876
6237,6874
6238,6869
6239,6883
6240,6890
6241,6869
6242,6883
6243,6869
6244,6869
6245,6894
6246,6869
6247,6883
6248,6883
6249,6876
6250,6883
6251,6894
6252,6883
6253,6847
6254,6883
6255,6890
6256,6887
6257,6883
6258,6883
6259,6894
6260,6869
6261,6876
6262,6869
6263,6876
6264,6863
6265,6854
6266,6876
6267,6869
6268,6883
6269,6847
6270,6863
6271,6883
6272,6856
6273,6883
6274,6863
6275,6876
6276,6876
6277,6863
6278,6876
6279,6883
6280,6874
6281,6876
6282,6847
6283,6876
6284,6876
6285,6887
6286,6869
6287,6894
6288,6876
6289,6856
6290,6876
6291,6883
6292,6827
6293,6883
6294,6876
6295,6869
6296,6883
6297,6881
6298,6894
6299,6849
6300,6890
6301,6876
6302,6887
6303,6883
6304,6869
6305,6863
6306,6883
6307,6876
6308,6867
6309,6903
6310,6876
6311,6894
6312,6860
6313,6860
6314,6896
6315,6883
6316,6869
6317,6887
6318,6869
6319,6869
6320,6901
6321,6869
6322,6890
6323,6829
6324,6883
6325,6876
6326,6869
6327,6869
6328,6863
6329,6840
6330,6854
6331,6883
6332,6869
6333,6890
6334,6869
6335,6890
6336,6881
6337,6869
6338,6876
6339,6869
6340,6863
6341,6863
6342,6867
6343,6863
6344,6883
6345,6883
6346,6883
6347,6890
6348,6901
6349,6890
6350,6856
6351,6860
6352,6863
6353,6890
6354,6869
6355,6894
6356,6881
6357,6883
6358,6854
6359,6867
6360,6890
6361,6876
6362,6869
6363,6883
6364,6856
6365,6883
6366,6890
6367,6876
6368,6869
6369,6869
6370,6869
6371,6876
6372,6869
6373,6883
6374,6883
6375,6860
6376,6869
6377,6843
6378,6876
6379,6856
6380,6863
6381,6863
6382,6894
6383,6876
6384,6876
6385,6876
6386,6876
6387,6854
6388,6863
6389,6890
6390,6869
6391,6887
6392,6869
6393,6856
6394,6863
6395,6863
6396,6890
6397,6883
6398,6874
6399,6863
6400,6863
6401,6869
6402,6856
6403,6869
6404,6869
6405,6876
6406,6890
6407,6876
6408,6890
6409,6890
6410,6876
6411,6863
6412,6876
6413,6890
6414,6863
6415,6887
6416,6876
6417,6876
6418,6883
6419,6883
6420,6856
6421,6863
6422,6894
6423,6894
6424,6890
6425,6876
6426,6901
6427,6876
6428,6876
6429,6876
6430,6876
6431,6876
6432,6869
6433,6869
6434,6869
6435,6843
6436,6856
6437,6876
6438,6869
6439,6876
6440,6876
6441,6876
6442,6843
6443,6890
6444,6876
6445,6869
6446,6876
6447,6869
6448,6894
6449,6863
6450,6890
6451,6843
6452,6876
6453,6876
6454,6869
6455,6847
6456,6890
6457,6894
6458,6843
6459,6863
6460,6860
6461,6869
6462,6901
6463,6883
6464,6883
6465,6876
6466,6890
6467,6869
6468,6863
6469,6863
6470,6869
6471,6894
6472,6881
6473,6894
6474,6863
6475,6894
6476,6869
6477,6847
6478,6869
6479,6876
6480,6869
6481,6856
6482,6863
6483,6876
6484,6903
6485,6894
6486,6856
6487,6876
6488,6883
6489,6869
6490,6876
6491,6876
6492,6883
6493,6849
6494,6881
6495,6876
6496,6876
6497,6883
6498,6840
6499,6876
6500,6894
6501,6876
6502,6883
6503,6890
6504,6883
6505,6881
6506,6874
6507,6876
6508,6876
6509,6883
6510,6863
6511,6876
6512,6869
6513,6887
6514,6869
6515,6883
6516,6856
6517,6869
6518,6863
6519,6883
6520,6894
6521,6869
6522,6883
6523,6869
6524,6894
6525,6856
6526,6890
6527,6856
6528,6847
6529,6867
6530,6849
6531,6874
6532,6856
6533,6869
6534,6847
6535,6876
6536,6883
6537,6869
6538,6863
6539,6901
6540,6883
6541,6856
6542,6883
6543,6867
6544,6876
6545,6876
6546,6840
6547,6887
6548,6901
6549,6869
6550,6874
6551,6876
6552,6869
6553,6843
6554,6883
6555,6856
6556,6881
6557,6876
6558,6876
6559,6869
6560,6869
6561,6883
6562,6869
6563,6869
6564,6876
6565,6876
6566,6887
6567,6876
6568,6876
6569,6881
6570,6869
6571,6883
6572,6860
6573,6876
6574,6863
6575,6876
6576,6863
6577,6867
6578,6869
6579,6863
6580,6876
6581,6856
6582,6876
6583,6863
6584,6869
6585,6863
6586,6876
6587,6869
6588,6869
6589,6883
6590,6894
6591,6883
6592,6890
6593,6901
6594,6869
6595,6876
6596,6876
6597,6869
6598,6887
6599,6890
6600,6869
6601,6876
6602,6854
6603,6869
6604,6869
6605,6894
6606,6876
6607,6883
6608,6876
6609,6863
6610,6883
6611,6876
6612,6883
6613,6863
6614,6883
6615,6869
6616,6860
6617,6863
6618,6876
6619,6863
6620,6869
6621,6890
6622,6883
6623,6883
6624,6869
6625,6876
6626,6883
6627,6890
6628,6883
6629,6883
6630,6876
6631,6883
6632,6869
6633,6883
6634,6869
6635,6894
6636,6863
6637,6863
6638,6876
6639,6869
6640,6856
6641,6876
6642,6883
6643,6876
6644,6854
6645,6890
6646,6876
6647,6869
6648,6869
6649,6876
6650,6876
6651,6883
6652,6881
6653,6876
6654,6869
6655,6883
6656,6876
6657,6876
6658,6876
6659,6863
6660,6883
6661,6847
6662,6860
6663,6876
6664,6881
6665,6894
6666,6863
6667,6876
6668,6887
6669,6876
6670,6869
6671,6896
6672,6869
6673,6869
6674,6876
6675,6869
6676,6876
6677,6869
6678,6834
6679,6883
6680,6883
6681,6876
6682,6883
6683,6856
6684,6890
6685,6863
6686,6876
6687,6863
6688,6860
6689,6874
6690,6867
6691,6883
6692,6883
6693,6894
6694,6876
6695,6876
6696,6894
6697,6876
6698,6876
6699,6876
6700,6867
6701,6881
6702,6863
6703,6876
6704,6876
6705,6869
6706,6883
6707,6883
6708,6876
6709,6869
6710,6874
6711,6876
6712,6849
6713,6856
6714,6876
6715,6883
6716,6869
6717,6869
6718,6869
6719,6876
6720,6876
6721,6894
6722,6860
6723,6876
6724,6876
6725,6863
6726,6876
6727,6869
6728,6847
6729,6876
6730,6881
6731,6869
6732,6869
6733,6881
6734,6849
6735,6867
6736,6863
6737,6876
6738,6869
6739,6876
6740,6883
6741,6856
6742,6869
6743,6869
6744,6883
6745,6890
6746,6883
6747,6883
6748,6890
6749,6876
6750,6876
6751,6894
6752,6876
6753,6869
6754,6883
6755,6856
6756,6883
6757,6876
6758,6883
6759,6856
6760,6863
6761,6863
6762,6876
6763,6890
6764,6863
6765,6869
6766,6876
6767,6849
6768,6883
6769,6883
6770,6840
6771,6876
6772,6876
6773,6863
6774,6863
6775,6869
6776,6823
6777,6869
6778,6863
6779,6883
6780,6856
6781,6869
6782,6881
6783,6869
6784,6876
6785,6863
6786,6876
6787,6876
6788,6876
6789,6883
6790,6869
6791,6849
6792,6890
6793,6869
6794,6869
6795,6894
6796,6890
6797,6843
6798,6867
6799,6890
6800,6869
6801,6901
6802,6876
6803,6890
6804,6869
6805,6869
6806,6883
6807,6863
6808,6869
6809,6876
6810,6876
6811,6847
6812,6881
6813,6890
6814,6890
6815,6869
6816,6869
6817,6856
6818,6901
6819,6883
6820,6876
6821,6863
6822,6869
6823,6890
6824,6890
6825,6883
6826,6876
6827,6869
6828,6883
6829,6890
6830,6876
6831,6863
6832,6890
6833,6876
6834,6869
6835,6876
6836,6856
6837,6883
6838,6869
6839,6876
6840,6856
6841,6863
6842,6863
6843,6883
6844,6869
6845,6869
6846,6883
6847,6876
6848,6867
6849,6876
6850,6863
6851,6876
6852,6901
6853,6876
6854,6894
6855,6883
6856,6856
6857,6876
6858,6843
6859,6883
6860,6863
6861,6901
6862,6874
6863,6883
6864,6869
6865,6890
6866,6869
6867,6843
6868,6883
6869,6869
6870,6876
6871,6890
6872,6876
6873,6876
6874,6876
6875,6890
6876,6881
6877,6890
6878,6883
6879,6890
6880,6894
6881,6883
6882,6883
6883,6887
6884,6894
6885,6876
6886,6883
6887,6894
6888,6876
6889,6890
6890,6876
6891,6860
6892,6883
6893,6876
6894,6883
6895,6876
6896,6876
6897,6869
6898,6883
6899,6869
6900,6890
6901,6849
6902,6876
6903,6881
6904,6883
6905,6876
6906,6876
6907,6883
6908,6856
6909,6876
6910,6867
6911,6856
6912,6876
6913,6883
6914,6890
6915,6890
6916,6863
6917,6874
6918,6876
6919,6896
6920,6890
6921,6883
6922,6876
6923,6883
6924,6876
6925,6894
6926,6876
6927,6876
6928,6856
6929,6860
6930,6869
6931,6860
6932,6876
6933,6854
6934,6894
6935,6890
6936,6869
6937,6890
6938,6869
6939,6863
6940,6894
6941,6863
6942,6894
6943,6876
6944,6890
6945,6869
6946,6876
6947,6869
6948,6881
6949,6883
6950,6883
6951,6867
6952,6876
6953,6876
6954,6876
6955,6869
6956,6883
6957,6869
6958,6883
6959,6883
6960,6883
6961,6901
6962,6863
6963,6863
6964,6876
6965,6869
6966,6860
6967,6890
6968,6883
6969,6869
6970,6869
6971,6876
6972,6876
6973,6869
6974,6863
6975,6849
6976,6856
6977,6856
6978,6869
6979,6869
6980,6876
6981,6876
6982,6854
6983,6869
6984,6869
6985,6890
6986,6874
6987,6869
6988,6863
6989,6869
6990,6894
6991,6883
6992,6890
6993,6863
6994,6863
6995,6890
6996,6869
6997,6876
6998,6867
6999,6890
7000,6883
7001,6854
7002,6890
7003,6883
7004,6876
7005,6863
7006,6876
7007,6876
7008,6883
7009,6883
7010,6843
7011,6876
7012,6883
7013,6869
7014,6849
7015,6883
7016,6869
7017,6869
7018,6867
7019,6869
7020,6869
7021,6876
7022,6876
7023,6890
7024,6876
7025,6890
7026,6890
7027,6869
7028,6876
7029,6869
7030,6876
7031,6883
7032,6876
7033,6883
7034,6894
7035,6876
7036,6883
7037,6901
7038,6876
7039,6869
7040,6883
7041,6876
7042,6863
7043,6883
7044,6890
7045,6894
7046,6869
7047,6860
7048,6867
7049,6869
7050,6863
7051,6869
7052,6843
7053,6869
7054,6883
7055,6890
7056,6883
7057,6863
7058,6876
7059,6869
7060,6910
7061,6883
7062,6890
7063,6890
7064,6869
7065,6863
7066,6869
7067,6876
7068,6894
7069,6876
7070,6883
7071,6876
7072,6883
7073,6876
7074,6876
7075,6876
7076,6856
7077,6847
7078,6874
7079,6901
7080,6883
7081,6847
7082,6863
7083,6867
7084,6876
7085,6883
7086,6863
7087,6869
7088,6876
7089,6876
7090,6863
7091,6860
7092,6894
7093,6876
7094,6863
7095,6883
7096,6869
7097,6887
7098,6869
7099,6890
7100,6863
7101,6869
7102,6890
7103,6887
7104,6860
7105,6883
7106,6869
7107,6869
7108,6869
7109,6887
7110,6876
7111,6876
7112,6890
7113,6890
7114,6887
7115,6876
7116,6894
7117,6890
7118,6863
7119,6883
7120,6883
7121,6887
7122,6890
7123,6869
7124,6883
7125,6876
7126,6883
7127,6869
7128,6869
7129,6883
7130,6843
7131,6863
7132,6874
7133,6883
7134,6901
7135,6890
7136,6876
7137,6876
7138,6894
7139,6894
7140,6876
7141,6854
7142,6856
7143,6869
7144,6890
7145,6876
7146,6890
7147,6876
7148,6876
7149,6876
7150,6869
7151,6890
7152,6863
7153,6883
7154,6869
7155,6863
7156,6860
7157,6883
7158,6876
7159,6869
7160,6883
7161,6890
7162,6869
7163,6856
7164,6863
7165,6890
7166,6863
7167,6876
7168,6883
7169,6876
7170,6869
7171,6890
7172,6876
7173,6874
7174,6869
7175,6854
7176,6883
7177,6890
7178,6883
7179,6874
7180,6869
7181,6883
7182,6856
7183,6876
7184,6863
7185,6894
7186,6869
7187,6883
7188,6876
7189,6863
7190,6876
7191,6890
7192,6890
7193,6883
7194,6883
7195,6890
7196,6883
7197,6876
7198,6863
7199,6890
7200,6867
7201,6883
7202,6874
7203,6881
7204,6901
7205,6901
7206,6867
7207,6876
7208,6876
7209,6869
7210,6876
7211,6863
7212,6883
7213,6876
7214,6869
7215,6894
7216,6863
7217,6883
7218,6876
7219,6883
7220,6881
7221,6876
7222,6869
7223,6876
7224,6876
7225,6876
7226,6876
7227,6883
7228,6883
7229,6876
7230,6876
7231,6876
7232,6883
7233,6869
7234,6901
7235,6881
7236,6883
7237,6890
7238,6869
7239,6883
7240,6876
7241,6863
7242,6874
7243,6876
7244,6883
7245,6887
7246,6863
7247,6883
7248,6890
7249,6863
7250,6869
7251,6863
7252,6867
7253,6854
7254,6876
7255,6869
7256,6890
7257,6890
7258,6894
7259,6867
7260,6876
7261,6869
7262,6847
7263,6869
7264,6876
7265,6883
7266,6894
7267,6869
7268,6867
7269,6890
7270,6876
7271,6890
7272,6883
7273,6883
7274,6883
7275,6901
7276,6887
7277,6863
7278,6890
7279,6883
7280,6890
7281,6883
7282,6890
7283,6883
7284,6883
7285,6869
7286,6876
7287,6869
7288,6874
7289,6883
7290,6874
7291,6869
7292,6876
7293,6876
7294,6876
7295,6867
7296,6863
7297,6883
7298,6869
7299,6860
7300,6876
7301,6863
7302,6867
7303,6869
7304,6863
7305,6869
7306,6869
7307,6883
7308,6883
7309,6876
7310,6883
7311,6883
7312,6876
7313,6867
7314,6874
7315,6894
7316,6883
7317,6883
7318,6869
7319,6883
7320,6910
7321,6883
7322,6876
7323,6883
7324,6863
7325,6890
7326,6883
7327,6869
7328,6869
7329,6869
7330,6876
7331,6890
7332,6876
7333,6869
7334,6867
7335,6894
7336,6869
7337,6856
7338,6907
7339,6887
7340,6883
7341,6856
7342,6883
7343,6881
7344,6869
7345,6869
7346,6876
7347,6869
7348,6883
7349,6890
7350,6887
7351,6869
7352,6860
7353,6894
7354,6881
7355,6869
7356,6890
7357,6874
7358,6863
7359,6890
7360,6843
7361,6863
7362,6890
7363,6869
7364,6883
7365,6876
7366,6863
7367,6876
7368,6883
7369,6890
7370,6883
7371,6890
7372,6867
7373,6890
7374,6883
7375,6883
7376,6863
7377,6869
7378,6883
7379,6883
7380,6890
7381,6863
7382,6890
7383,6869
7384,6901
7385,6890
7386,6876
7387,6883
7388,6876
7389,6876
7390,6869
7391,6869
7392,6869
7393,6869
7394,6876
7395,6863
7396,6863
7397,6890
7398,6883
7399,6883
7400,6883
7401,6869
7402,6869
7403,6883
7404,6883
7405,6876
7406,6890
7407,6883
7408,6890
7409,6874
7410,6869
7411,6890
7412,6876
7413,6883
7414,6883
7415,6890
7416,6876
7417,6867
7418,6883
7419,6883
7420,6869
7421,6876
7422,6867
7423,6863
7424,6863
7425,6876
7426,6883
7427,6869
7428,6890
7429,6883
7430,6876
7431,6883
7432,6876
7433,6876
7434,6890
7435,6867
7436,6876
7437,6863
7438,6901
7439,6890
7440,6874
7441,6890
7442,6876
7443,6890
7444,6869
7445,6883
7446,6883
7447,6869
7448,6876
7449,6883
7450,6894
7451,6869
7452,6876
7453,6863
7454,6869
7455,6869
7456,6867
7457,6843
7458,6894
7459,6890
7460,6869
7461,6876
7462,6867
7463,6847
7464,6894
7465,6863
7466,6876
7467,6874
7468,6896
7469,6890
7470,6890
7471,6863
7472,6883
7473,6883
7474,6863
7475,6869
7476,6863
7477,6856
7478,6876
7479,6863
7480,6863
7481,6876
7482,6869
7483,6894
7484,6840
7485,6876
7486,6883
7487,6876
7488,6876
7489,6869
7490,6856
7491,6876
7492,6890
7493,6874
7494,6863
7495,6883
7496,6876
7497,6869
7498,6876
7499,6876
7500,6856
7501,6883
7502,6869
7503,6881
7504,6890
7505,6890
7506,6894
7507,6867
7508,6876
7509,6881
7510,6883
7511,6876
7512,6854
7513,6863
7514,6883
7515,6883
7516,6883
7517,6876
7518,6883
7519,6876
7520,6856
7521,6867
7522,6867
7523,6890
7524,6863
7525,6883
7526,6874
7527,6883
7528,6881
7529,6890
7530,6901
7531,6854
7532,6867
7533,6867
7534,6849
7535,6869
7536,6894
7537,6876
7538,6854
7539,6894
7540,6869
7541,6854
7542,6876
7543,6876
7544,6869
7545,6883
7546,6876
7547,6883
7548,6883
7549,6840
7550,6881
7551,6883
7552,6881
7553,6883
7554,6863
7555,6883
7556,6876
7557,6869
7558,6867
7559,6876
7560,6843
7561,6863
7562,6847
7563,6876
7564,6869
7565,6869
7566,6869
7567,6863
7568,6876
7569,6869
7570,6876
7571,6869
7572,6876
7573,6883
7574,6876
7575,6856
7576,6890
7577,6896
7578,6883
7579,6869
7580,6883
7581,6881
7582,6890
7583,6901
7584,6890
7585,6869
7586,6863
7587,6867
7588,6883
7589,6843
7590,6883
7591,6910
7592,6869
7593,6840
7594,6869
7595,6869
7596,6876
7597,6890
7598,6869
7599,6874
7600,6876
7601,6881
7602,6876
7603,6876
7604,6876
7605,6863
7606,6887
7607,6881
7608,6840
7609,6890
7610,6854
7611,6856
7612,6834
7613,6854
7614,6860
7615,6860
7616,6881
7617,6863
7618,6883
7619,6847
7620,6876
7621,6860
7622,6890
7623,6883
7624,6869
7625,6876
7626,6876
7627,6867
7628,6874
7629,6890
7630,6876
7631,6883
7632,6890
7633,6867
7634,6894
7635,6883
7636,6860
7637,6890
7638,6890
7639,6883
7640,6883
7641,6890
7642,6883
7643,6876
7644,6890
7645,6867
7646,6883
7647,6863
7648,6876
7649,6883
7650,6863
7651,6883
7652,6883
7653,6876
7654,6890
7655,6881
7656,6890
7657,6876
7658,6890
7659,6883
7660,6883
7661,6876
7662,6876
7663,6876
7664,6887
7665,6863
7666,6883
7667,6869
7668,6890
7669,6860
7670,6883
7671,6890
7672,6854
7673,6887
7674,6876
7675,6883
7676,6896
7677,6876
7678,6887
7679,6869
7680,6854
7681,6894
7682,6887
7683,6869
7684,6890
7685,6869
7686,6896
7687,6876
7688,6894
7689,6874
7690,6847
7691,6881
7692,6876
7693,6883
7694,6847
7695,6867
7696,6883
7697,6869
7698,6876
7699,6876
7700,6867
7701,6863
7702,6883
7703,6887
7704,6890
7705,6874
7706,6883
7707,6856
7708,6881
7709,6860
7710,6867
7711,6883
7712,6867
7713,6863
7714,6849
7715,6874
7716,6876
7717,6854
7718,6883
7719,6887
7720,6876
7721,6874
7722,6890
7723,6883
7724,6881
7725,6883
7726,6863
7727,6890
7728,6863
7729,6874
7730,6869
7731,6883
7732,6869
7733,6874
7734,6843
7735,6869
7736,6876
7737,6863
7738,6856
7739,6881
7740,6869
7741,6876
7742,6874
7743,6876
7744,6890
7745,6867
7746,6869
7747,6890
7748,6883
7749,6894
7750,6876
7751,6869
7752,6876
7753,6883
7754,6890
7755,6867
7756,6876
7757,6869
7758,6883
7759,6890
7760,6869
7761,6876
7762,6874
7763,6874
7764,6854
7765,6890
7766,6883
7767,6860
7768,6869
7769,6860
7770,6847
7771,6894
7772,6869
7773,6896
7774,6856
7775,6869
7776,6876
7777,6874
7778,6876
7779,6883
7780,6883
7781,6876
7782,6876
7783,6883
7784,6847
7785,6860
7786,6894
7787,6890
7788,6883
7789,6860
7790,6847
7791,6869
7792,6860
7793,6883
7794,6890
7795,6874
7796,6876
7797,6860
7798,6881
7799,6881
7800,6887
7801,6836
7802,6847
7803,6816
7804,6710
7805,6563
7806,6484
7807,6572
7808,6856
7809,5949
7810,6151
7811,6427
7812,6000
7813,6801
7814,6000
7815,6883
7816,6883
7817,6821
7818,5599
7819,5553
7820,5520
7821,6827
7822,6840
7823,6000
7824,6883
7825,6876
7826,6834
7827,6867
7828,6823
7829,6869
7830,6876
7831,6854
7832,6863
7833,6876
7834,6849
7835,6843
7836,6856
7837,6869
7838,6869
7839,6849
7840,6869
7841,6869
7842,6867
7843,6849
7844,6807
7845,6823
7846,6849
7847,6867
7848,6869
7849,6883
7850,6849
7851,6816
7852,6834
7853,6827
7854,6840
7855,6849
7856,6856
7857,6856
7858,6876
7859,6821
7860,6854
7861,6847
7862,6869
7863,6860
7864,6867
7865,6876
7866,6856
7867,6883
7868,6834
7869,6874
7870,6883
7871,6869
7872,6856
7873,6840
7874,5420
7875,5445
7876,5578
7877,5691
7878,5693
7879,5748
7880,6578
7881,6869
7882,6856
7883,6869
7884,6847
7885,7211
7886,6038
7887,6190
7888,6372
7889,6697
7890,6230
7891,6646
7892,6887
7893,6876
7894,6816
7895,6611
7896,6605
7897,6559
7898,6544
7899,5762
7900,6201
7901,5894
7902,6186
7903,6000
7904,6275
7905,6230
7906,6164
7907,6109
7908,6047
7909,6814
7910,6890
7911,6883
7912,6854
7913,6856
7914,6890
7915,6890
7916,6903
7917,6869
7918,6894
7919,6887
7920,6876
7921,6876
7922,6887
7923,6881
7924,6867
7925,6890
7926,6867
7927,6876
7928,6863
7929,6890
7930,6876
7931,6874
7932,6894
7933,6876
7934,6890
7935,6907
7936,6869
7937,6869
7938,6876
7939,6869
7940,6876
7941,6863
7942,6876
7943,6883
7944,6901
7945,6876
7946,6856
7947,6869
7948,6863
7949,6890
7950,6869
7951,6863
7952,6847
7953,5782
7954,5741
7955,6000
7956,6867
7957,6890
7958,6876
7959,6876
7960,6890
7961,6876
7962,6867
7963,6881
7964,6867
7965,6876
7966,6883
7967,6847
7968,6883
7969,6876
7970,6890
7971,6869
7972,6881
7973,6887
7974,6883
7975,6869
7976,6876
7977,6869
7978,6883
7979,6890
7980,6867
7981,6869
7982,6876
7983,6890
7984,6876
7985,6894
7986,6881
7987,6894
7988,6883
7989,6869
7990,6867
7991,6869
7992,6876
7993,6890
7994,6843
7995,6869
7996,6876
7997,6869
7998,6894
7999,6887
8000,6890
8001,6876
8002,6854
8003,6869
8004,6854
8005,6883
8006,6894
8007,6887
8008,6876
8009,6890
8010,6869
8011,6869
8012,6867
8013,6867
8014,6863
8015,6890
8016,6876
8017,6863
8018,6883
8019,6869
8020,6903
8021,6876
8022,6860
8023,6881
8024,6890
8025,6874
8026,6914
8027,6894
8028,6890
8029,6854
8030,6863
8031,6883
8032,6854
8033,6869
8034,6890
8035,6863
8036,6863
8037,6883
8038,6883
8039,6876
8040,6903
8041,6860
8042,6881
8043,6869
8044,6883
8045,6901
8046,6883
8047,6883
8048,6876
8049,6863
8050,6914
8051,6874
8052,6887
8053,6876
8054,6876
8055,6869
8056,6869
8057,6887
8058,6883
8059,6849
8060,6881
8061,6883
8062,6883
8063,6883
8064,6876
8065,6863
8066,6847
8067,6863
8068,6869
8069,6869
8070,6863
8071,6890
8072,6869
8073,6876
8074,6843
8075,6869
8076,6890
8077,6890
8078,6903
8079,6856
8080,6883
8081,6856
8082,6863
8083,6903
8084,6894
8085,6883
8086,6849
8087,6883
8088,6876
8089,6856
8090,6874
8091,6876
8092,6883
8093,6890
8094,6863
8095,6840
8096,6854
8097,6876
8098,6901
8099,6867
8100,6883
8101,6876
8102,6869
8103,6876
8104,6869
8105,6883
8106,6869
8107,6874
8108,6867
8109,6890
8110,6867
8111,6849
8112,6876
8113,6881
8114,6867
8115,6869
8116,6876
8117,6881
8118,6894
8119,6876
8120,6881
8121,6863
8122,6860
8123,6883
8124,6856
8125,6890
8126,6890
8127,6883
8128,6894
8129,6874
8130,6883
8131,6876
8132,6876
8133,6887
8134,6894
8135,6869
8136,6869
8137,6863
8138,6887
8139,6874
8140,6890
8141,6867
8142,6883
8143,6894
8144,6881
8145,6890
8146,6887
8147,6890
8148,6874
8149,6876
8150,6876
8151,6876
8152,6887
8153,6890
8154,6849
8155,6883
8156,6883
8157,6883
8158,6894
8159,6876
8160,6867
8161,6887
8162,6883
8163,6856
8164,6883
8165,6869
8166,6847
8167,6847
8168,6869
8169,6876
8170,6883
8171,6863
8172,6869
8173,6856
8174,6876
8175,6881
8176,6869
8177,6876
8178,6876
8179,6863
8180,6863
8181,6890
8182,6869
8183,6869
8184,6854
8185,6869
8186,6863
8187,6863
8188,6883
8189,6867
8190,6876
8191,6863
8192,6876
8193,6876
8194,6876
8195,6863
8196,6863
8197,6883
8198,6881
8199,6901
8200,6860
8201,6876
8202,6856
8203,6876
8204,6883
8205,6860
8206,6894
8207,6883
8208,6869
8209,6894
8210,6876
8211,6867
8212,6860
8213,6883
8214,6863
8215,6876
8216,6883
8217,6854
8218,6890
8219,6869
8220,6907
8221,6883
8222,6890
8223,6876
8224,6860
8225,6883
8226,6894
8227,6860
8228,6869
8229,6867
8230,6890
8231,6876
8232,6876
8233,6876
8234,6856
8235,6856
8236,6901
8237,6887
8238,6890
8239,6854
8240,6883
8241,6863
8242,6890
8243,6883
8244,6876
8245,6860
8246,6876
8247,6869
8248,6860
8249,6867
8250,6863
8251,6883
8252,6887
8253,6907
8254,6883
8255,6847
8256,6883
8257,6876
8258,6863
8259,6869
8260,6876
8261,6890
8262,6876
8263,6847
8264,6883
8265,6890
8266,6869
8267,6890
8268,6883
8269,6883
8270,6894
8271,6869
8272,6854
8273,6863
8274,6894
8275,6867
8276,6883
8277,6901
8278,6849
8279,6863
8280,6856
8281,6894
8282,6874
8283,6856
8284,6869
8285,6876
8286,6890
8287,6894
8288,6890
8289,6869
8290,6876
8291,6887
8292,6856
8293,6894
8294,6863
8295,6876
8296,6876
8297,6863
8298,6867
8299,6876
8300,6890
8301,6863
8302,6869
8303,6863
8304,6869
8305,6856
8306,6901
8307,6890
8308,6867
8309,6869
8310,6869
8311,6887
8312,6869
8313,6883
8314,6876
8315,6887
8316,6876
8317,6863
8318,6876
8319,6883
8320,6894
8321,6876
8322,6869
8323,6869
8324,6876
8325,6887
8326,6890
8327,6869
8328,6890
8329,6894
8330,6876
8331,6876
8332,6869
8333,6883
8334,6881
8335,6876
8336,6863
8337,6860
8338,6876
8339,6883
8340,6876
8341,6860
8342,6876
8343,6869
8344,6887
8345,6876
8346,6869
8347,6883
8348,6894
8349,6883
8350,6869
8351,6883
8352,6854
8353,6869
8354,6876
8355,6883
8356,6883
8357,6894
8358,6883
8359,6856
8360,6869
8361,6876
8362,6863
8363,6890
8364,6901
8365,6883
8366,6876
8367,6876
8368,6876
8369,6876
8370,6890
8371,6883
8372,6860
8373,6883
8374,6890
8375,6876
8376,6856
8377,6890
8378,6883
8379,6869
8380,6869
8381,6876
8382,6883
8383,6901
8384,6876
8385,6869
8386,6874
8387,6876
8388,6874
8389,6883
8390,6887
8391,6876
8392,6869
8393,6883
8394,6894
8395,6869
8396,6854
8397,6883
8398,6876
8399,6883
8400,6863
8401,6869
8402,6883
8403,6869
8404,6894
8405,6863
8406,6883
8407,6883
8408,6869
8409,6894
8410,6881
8411,6863
8412,6869
8413,6890
8414,6867
8415,6883
8416,6894
8417,6869
8418,6863
8419,6843
8420,6863
8421,6876
8422,6894
8423,6876
8424,6856
8425,6863
8426,6863
8427,6876
8428,6876
8429,6883
8430,6869
8431,6883
8432,6883
8433,6869
8434,6867
8435,6876
8436,6881
8437,6894
8438,6883
8439,6867
8440,6869
8441,6849
8442,6890
8443,6883
8444,6883
8445,6869
8446,6867
8447,6863
8448,6867
8449,6867
8450,6890
8451,6856
8452,6869
8453,6869
8454,6874
8455,6883
8456,6883
8457,6894
8458,6869
8459,6860
8460,6863
8461,6876
8462,6883
8463,6849
8464,6869
8465,6869
8466,6863
8467,6881
8468,6907
8469,6894
8470,6876
8471,6883
8472,6894
8473,6860
8474,6869
8475,6883
8476,6876
8477,6863
8478,6869
8479,6874
8480,6881
8481,6876
8482,6876
8483,6890
8484,6876
8485,6840
8486,6894
8487,6890
8488,6863
8489,6883
8490,6883
8491,6869
8492,6883
8493,6890
8494,6869
8495,6876
8496,6876
8497,6883
8498,6883
8499,6876
8500,6890
8501,6869
8502,6883
8503,6883
8504,6890
8505,6869
8506,6863
8507,6860
8508,6887
8509,6860
8510,6876
8511,6856
8512,6854
8513,6843
8514,6907
8515,6896
8516,6887
8517,6860
8518,6894
8519,6876
8520,6894
8521,6863
8522,6849
8523,6869
8524,6863
8525,6847
8526,6876
8527,6869
8528,6876
8529,6876
8530,6876
8531,6869
8532,6874
8533,6876
8534,6883
8535,6890
8536,6876
8537,6869
8538,6876
8539,6867
8540,6863
8541,6867
8542,6894
8543,6860
8544,6890
8545,6854
8546,6860
8547,6863
8548,6876
8549,6876
8550,6869
8551,6876
8552,6887
8553,6854
8554,6876
8555,6876
8556,6907
8557,6890
8558,6867
8559,6890
8560,6887
8561,6869
8562,6863
8563,6890
8564,6890
8565,6890
8566,6876
8567,6876
8568,6901
8569,6856
8570,6874
8571,6876
8572,6869
8573,6907
8574,6883
8575,6883
8576,6860
8577,6881
8578,6876
8579,6867
8580,6883
8581,6876
8582,6876
8583,6869
8584,6869
8585,6883
8586,6887
8587,6890
8588,6887
8589,6860
8590,6883
8591,6876
8592,6890
8593,6876
8594,6883
8595,6876
8596,6896
8597,6856
8598,6894
8599,6883
8600,6856
8601,6867
8602,6876
8603,6876
8604,6883
8605,6883
8606,6869
8607,6883
8608,6843
8609,6890
8610,6869
8611,6876
8612,6876
8613,6894
8614,6883
8615,6869
8616,6894
8617,6856
8618,6883
8619,6856
8620,6876
8621,6876
8622,6876
8623,6883
8624,6903
8625,6863
8626,6856
8627,6843
8628,6883
8629,6907
8630,6887
8631,6890
8632,6867
8633,6860
8634,6890
8635,6890
8636,6894
8637,6876
8638,6876
8639,6883
8640,6863
8641,6894
8642,6887
8643,6890
8644,6887
8645,6863
8646,6881
8647,6863
8648,6894
8649,6863
8650,6869
8651,6876
8652,6883
8653,6876
8654,6890
8655,6883
8656,6876
8657,6849
8658,6883
8659,6883
8660,6894
8661,6863
8662,6860
8663,6876
8664,6863
8665,6883
8666,6890
8667,6876
8668,6876
8669,6869
8670,6890
8671,6876
8672,6876
8673,6876
8674,6869
8675,6863
8676,6876
8677,6843
8678,6890
8679,6894
8680,6869
8681,6849
8682,6876
8683,6876
8684,6876
8685,6863
8686,6847
8687,6876
8688,6890
8689,6854
8690,6869
8691,6876
8692,6890
8693,6883
8694,6890
8695,6883
8696,6894
8697,6883
8698,6883
8699,6876
8700,6849
8701,6914
8702,6883
8703,6890
8704,6876
8705,6890
8706,6876
8707,6883
8708,6867
8709,6876
8710,6876
8711,6890
8712,6860
8713,6876
8714,6901
8715,6890
8716,6869
8717,6867
8718,6869
8719,6869
8720,6876
8721,6863
8722,6863
8723,6890
8724,6860
8725,6869
8726,6876
8727,6867
8728,6890
8729,6883
8730,6876
8731,6867
8732,6883
8733,6869
8734,6890
8735,6863
8736,6883
8737,6894
8738,6890
8739,6907
8740,6883
8741,6890
8742,6829
8743,6876
8744,6867
8745,6883
8746,6894
8747,6876
8748,6894
8749,6863
8750,6876
8751,6869
8752,6869
8753,6883
8754,6869
8755,6876
8756,6876
8757,6890
8758,6854
8759,6869
8760,6874
8761,6863
8762,6869
8763,6869
8764,6854
8765,6863
8766,6876
8767,6860
8768,6890
8769,6876
8770,6887
8771,6883
8772,6890
8773,6863
8774,6876
8775,6869
8776,6890
8777,6869
8778,6876
8779,6876
8780,6856
8781,6876
8782,6894
8783,6876
8784,6876
8785,6883
8786,6883
8787,6876
8788,6883
8789,6890
8790,6901
8791,6874
8792,6876
8793,6876
8794,6901
8795,6901
8796,6883
8797,6907
8798,6894
8799,6876
8800,6887
8801,6869
8802,6883
8803,6883
8804,6890
8805,6863
8806,6869
8807,6860
8808,6874
8809,6854
8810,6863
8811,6890
8812,6863
8813,6863
8814,6869
8815,6869
8816,6883
8817,6876
8818,6854
8819,6887
8820,6849
8821,6854
8822,6869
8823,6874
8824,6869
8825,6883
8826,6883
8827,6869
8828,6890
8829,6894
8830,6847
8831,6847
8832,6883
8833,6876
8834,6876
8835,6869
8836,6876
8837,6890
8838,6881
8839,6883
8840,6876
8841,6849
8842,6860
8843,6890
8844,6876
8845,6869
8846,6890
8847,6876
8848,6863
8849,6867
8850,6863
8851,6883
8852,6883
8853,6876
8854,6883
